nameWithOwner,createdAt,primaryLanguage,updatedAt,pullRequests
freeCodeCamp/freeCodeCamp,2014-12-24T17:49:19Z,TypeScript,2025-03-14T18:42:34Z,24557
codecrafters-io/build-your-own-x,2018-05-09T12:03:18Z,Markdown,2025-03-14T18:40:14Z,140
EbookFoundation/free-programming-books,2013-10-11T06:50:37Z,HTML,2025-03-14T18:29:14Z,6791
sindresorhus/awesome,2014-07-11T13:42:37Z,,2025-03-14T18:35:50Z,664
public-apis/public-apis,2016-03-20T23:49:42Z,Python,2025-03-14T18:41:55Z,1872
jwasham/coding-interview-university,2016-06-06T02:34:12Z,,2025-03-14T18:21:25Z,415
kamranahmedse/developer-roadmap,2017-03-15T13:45:52Z,TypeScript,2025-03-14T18:35:23Z,3358
donnemartin/system-design-primer,2017-02-26T16:15:28Z,Python,2025-03-14T18:21:51Z,199
996icu/996.ICU,2019-03-26T07:31:14Z,,2025-03-14T18:21:25Z,1068
vinta/awesome-python,2014-06-27T21:00:06Z,Python,2025-03-14T18:32:01Z,543
facebook/react,2013-05-24T16:15:54Z,JavaScript,2025-03-14T18:27:03Z,11452
practical-tutorials/project-based-learning,2017-04-12T05:07:46Z,,2025-03-14T18:42:28Z,182
awesome-selfhosted/awesome-selfhosted,2015-06-01T02:33:17Z,,2025-03-14T18:37:57Z,2393
vuejs/vue,2013-07-29T03:24:51Z,TypeScript,2025-03-14T18:18:37Z,1136
TheAlgorithms/Python,2016-07-16T09:44:01Z,Python,2025-03-14T18:21:26Z,2922
trekhleb/javascript-algorithms,2018-03-24T07:47:04Z,JavaScript,2025-03-14T18:35:34Z,302
torvalds/linux,2011-09-04T22:48:12Z,C,2025-03-14T18:36:35Z,10
tensorflow/tensorflow,2015-11-07T01:19:20Z,C++,2025-03-14T18:29:54Z,30087
getify/You-Dont-Know-JS,2013-11-16T02:37:24Z,,2025-03-14T18:42:03Z,368
CyC2018/CS-Notes,2018-02-13T14:56:24Z,,2025-03-14T18:21:52Z,374
ohmyzsh/ohmyzsh,2009-08-28T18:15:37Z,Shell,2025-03-14T18:21:25Z,3292
ossu/computer-science,2014-05-04T00:18:39Z,,2025-03-14T18:29:27Z,285
Significant-Gravitas/AutoGPT,2023-03-16T09:21:07Z,Python,2025-03-14T18:27:48Z,2650
twbs/bootstrap,2011-07-29T21:19:00Z,JavaScript,2025-03-14T18:21:24Z,8848
flutter/flutter,2015-03-06T22:54:58Z,Dart,2025-03-14T18:18:59Z,41276
microsoft/vscode,2015-09-03T20:23:38Z,TypeScript,2025-03-14T18:21:26Z,31934
github/gitignore,2010-11-08T20:17:14Z,,2025-03-14T18:21:24Z,1578
jackfrued/Python-100-Days,2018-03-01T16:05:52Z,Jupyter Notebook,2025-03-14T18:24:30Z,13
trimstray/the-book-of-secret-knowledge,2018-06-23T10:43:14Z,,2025-03-14T18:41:01Z,122
jlevy/the-art-of-command-line,2015-05-20T15:11:03Z,,2025-03-14T18:21:26Z,317
AUTOMATIC1111/stable-diffusion-webui,2022-08-22T14:05:26Z,Python,2025-03-14T18:35:43Z,1874
Snailclimb/JavaGuide,2018-05-07T13:27:00Z,Java,2025-03-14T18:21:52Z,1150
airbnb/javascript,2012-11-01T23:13:50Z,JavaScript,2025-03-14T18:21:25Z,811
huggingface/transformers,2018-10-29T13:56:00Z,Python,2025-03-14T18:21:25Z,14756
avelino/awesome-go,2014-07-06T13:42:15Z,Go,2025-03-14T18:31:57Z,3404
ytdl-org/youtube-dl,2010-10-31T14:35:07Z,Python,2025-03-14T18:29:09Z,1641
ollama/ollama,2023-06-26T19:39:32Z,Go,2025-03-14T18:40:30Z,2104
vercel/next.js,2016-10-05T23:32:51Z,JavaScript,2025-03-14T18:29:43Z,21243
labuladong/fucking-algorithm,2020-02-19T09:01:23Z,Markdown,2025-03-14T17:52:08Z,238
golang/go,2014-08-19T04:33:40Z,Go,2025-03-14T18:41:38Z,1
massgravel/Microsoft-Activation-Scripts,2020-01-12T23:03:34Z,Batchfile,2025-03-14T18:35:51Z,6
Chalarangelo/30-seconds-of-code,2017-11-29T17:35:03Z,JavaScript,2025-03-14T16:44:26Z,821
yangshun/tech-interview-handbook,2016-07-05T05:00:48Z,TypeScript,2025-03-14T18:07:03Z,466
f/awesome-chatgpt-prompts,2022-12-05T13:54:13Z,HTML,2025-03-14T17:56:27Z,159
facebook/react-native,2015-01-09T18:10:16Z,C++,2025-03-14T18:15:30Z,893
Genymobile/scrcpy,2017-11-21T18:00:27Z,C,2025-03-14T18:36:34Z,109
microsoft/PowerToys,2019-05-01T17:44:02Z,C#,2025-03-14T18:39:09Z,5125
electron/electron,2013-04-12T01:47:36Z,C++,2025-03-14T18:27:54Z,21761
kubernetes/kubernetes,2014-06-06T22:56:04Z,Go,2025-03-14T18:28:42Z,60993
justjavac/free-programming-books-zh_CN,2013-11-04T01:59:19Z,,2025-03-14T18:21:26Z,282
nodejs/node,2014-11-26T19:57:11Z,JavaScript,2025-03-14T18:25:31Z,9891
krahets/hello-algo,2022-11-04T11:08:34Z,Java,2025-03-14T18:21:26Z,916
d3/d3,2010-09-27T17:22:42Z,Shell,2025-03-14T18:33:44Z,492
axios/axios,2014-08-18T22:30:27Z,JavaScript,2025-03-14T16:45:11Z,947
mrdoob/three.js,2010-03-23T18:58:01Z,JavaScript,2025-03-14T18:21:24Z,13809
yt-dlp/yt-dlp,2020-10-26T04:22:55Z,Python,2025-03-14T18:29:56Z,2549
microsoft/TypeScript,2014-06-17T15:28:39Z,TypeScript,2025-03-14T18:41:23Z,14562
langchain-ai/langchain,2022-10-17T02:58:36Z,Jupyter Notebook,2025-03-14T18:27:02Z,13338
facebook/create-react-app,2016-07-17T14:55:11Z,JavaScript,2025-03-14T18:21:24Z,1949
denoland/deno,2018-05-15T01:34:26Z,Rust,2025-03-14T18:33:52Z,12454
goldbergyoni/nodebestpractices,2017-09-15T08:33:19Z,Dockerfile,2025-03-14T15:30:59Z,765
rust-lang/rust,2010-06-16T20:39:03Z,Rust,2025-03-14T17:03:04Z,61870
521xueweihan/HelloGitHub,2016-05-04T06:24:11Z,Python,2025-03-14T18:07:37Z,17
microsoft/terminal,2017-08-11T18:38:22Z,C++,2025-03-14T18:31:18Z,4044
angular/angular,2014-09-18T16:12:01Z,TypeScript,2025-03-14T18:21:26Z,3709
godotengine/godot,2014-01-04T16:05:36Z,C++,2025-03-14T17:51:16Z,36591
mui/material-ui,2014-08-18T19:11:54Z,TypeScript,2025-03-14T17:32:20Z,20015
excalidraw/excalidraw,2020-01-02T01:04:43Z,TypeScript,2025-03-14T18:21:23Z,3576
ant-design/ant-design,2015-04-24T15:37:24Z,TypeScript,2025-03-14T18:39:25Z,15085
ripienaar/free-for-dev,2015-03-18T21:06:26Z,HTML,2025-03-14T18:21:25Z,2663
ryanmcdermott/clean-code-javascript,2016-11-25T22:25:41Z,JavaScript,2025-03-14T18:21:24Z,149
deepseek-ai/DeepSeek-V3,2024-12-26T09:52:40Z,Python,2025-03-14T18:39:28Z,17
papers-we-love/papers-we-love,2013-12-15T14:31:41Z,Shell,2025-03-14T18:21:26Z,434
fatedier/frp,2015-12-21T15:24:59Z,Go,2025-03-14T18:28:25Z,657
iluwatar/java-design-patterns,2014-08-09T16:45:18Z,Java,2025-03-14T18:42:31Z,1460
iptv-org/iptv,2018-11-14T22:00:57Z,JavaScript,2025-03-14T18:40:43Z,6512
nvbn/thefuck,2015-04-08T15:08:04Z,Python,2025-03-14T18:34:55Z,481
tauri-apps/tauri,2019-07-13T09:09:37Z,Rust,2025-03-14T18:21:25Z,4851
Hack-with-Github/Awesome-Hacking,2016-03-30T15:47:10Z,,2025-03-14T18:33:51Z,34
puppeteer/puppeteer,2017-05-09T22:16:13Z,TypeScript,2025-03-14T18:28:53Z,5173
PanJiaChen/vue-element-admin,2017-04-17T03:35:49Z,Vue,2025-03-14T18:21:25Z,311
pytorch/pytorch,2016-08-13T05:26:41Z,Python,2025-03-14T18:21:35Z,6008
neovim/neovim,2014-01-31T13:39:22Z,Vim Script,2025-03-14T17:33:44Z,14807
mtdvio/every-programmer-should-know,2017-08-24T13:18:26Z,,2025-03-14T18:21:24Z,99
tailwindlabs/tailwindcss,2017-10-06T14:59:14Z,TypeScript,2025-03-14T18:03:32Z,2814
deepseek-ai/DeepSeek-R1,2025-01-20T11:57:28Z,,2025-03-14T18:05:25Z,7
storybookjs/storybook,2016-03-18T04:23:44Z,TypeScript,2025-03-14T18:21:25Z,10836
microsoft/Web-Dev-For-Beginners,2020-11-10T02:44:00Z,JavaScript,2025-03-14T18:18:35Z,499
rustdesk/rustdesk,2020-09-28T15:36:08Z,Rust,2025-03-14T18:23:41Z,3368
open-webui/open-webui,2023-10-06T22:08:27Z,JavaScript,2025-03-14T18:40:21Z,1823
nvm-sh/nvm,2010-04-15T17:47:47Z,Shell,2025-03-14T18:09:39Z,725
shadcn-ui/ui,2023-01-04T12:43:27Z,TypeScript,2025-03-14T18:31:54Z,521
django/django,2012-04-28T02:47:18Z,Python,2025-03-14T18:02:01Z,9569
florinpop17/app-ideas,2019-02-25T18:36:56Z,,2025-03-14T18:21:26Z,149
bitcoin/bitcoin,2010-12-19T15:16:43Z,C++,2025-03-14T18:21:48Z,14977
langgenius/dify,2023-04-12T07:40:24Z,TypeScript,2025-03-14T18:23:53Z,5213
fastapi/fastapi,2018-12-08T08:21:47Z,Python,2025-03-14T18:21:24Z,2584
ChatGPTNextWeb/NextChat,2023-03-10T18:27:54Z,TypeScript,2025-03-14T18:21:25Z,876
sveltejs/svelte,2016-11-20T18:13:05Z,JavaScript,2025-03-14T18:21:25Z,5532
animate-css/animate.css,2011-10-12T10:07:38Z,CSS,2025-03-14T18:20:52Z,315
gothinkster/realworld,2016-02-26T20:49:53Z,TypeScript,2025-03-14T18:21:25Z,433
opencv/opencv,2012-07-19T09:40:17Z,C++,2025-03-14T18:21:24Z,12780
jaywcjlove/awesome-mac,2016-07-17T15:33:47Z,JavaScript,2025-03-14T18:21:50Z,953
gin-gonic/gin,2014-06-16T23:57:25Z,Go,2025-03-14T18:21:25Z,1046
laravel/laravel,2011-06-08T03:06:08Z,Blade,2025-03-14T17:17:06Z,1615
macrozheng/mall,2018-04-04T01:11:44Z,Java,2025-03-14T18:14:05Z,1
supabase/supabase,2019-10-12T05:56:49Z,TypeScript,2025-03-14T18:30:08Z,11347
gohugoio/hugo,2013-07-04T15:26:26Z,Go,2025-03-14T18:21:24Z,2808
tonsky/FiraCode,2014-11-11T19:32:38Z,Clojure,2025-03-14T18:26:49Z,136
openai/whisper,2022-09-16T20:02:54Z,Python,2025-03-14T18:18:17Z,110
tensorflow/models,2016-02-05T01:15:20Z,Python,2025-03-14T14:55:20Z,2340
doocs/advanced-java,2018-10-06T11:38:30Z,Java,2025-03-14T18:21:52Z,86
home-assistant/core,2013-09-17T07:29:48Z,Python,2025-03-14T18:35:23Z,70527
mermaid-js/mermaid,2014-11-01T23:52:32Z,TypeScript,2025-03-14T18:21:49Z,2277
oven-sh/bun,2021-04-14T00:48:17Z,Zig,2025-03-14T17:05:52Z,4912
ggml-org/llama.cpp,2023-03-10T18:58:00Z,C++,2025-03-14T18:41:11Z,4225
2dust/v2rayN,2019-07-30T03:47:24Z,C#,2025-03-14T17:55:21Z,202
spring-projects/spring-boot,2012-10-19T15:02:57Z,Java,2025-03-14T17:12:40Z,42
3b1b/manim,2015-03-22T18:50:58Z,Python,2025-03-14T18:43:04Z,625
MisterBooo/LeetCodeAnimation,2018-12-06T08:01:22Z,Java,2025-03-14T18:21:24Z,63
microsoft/generative-ai-for-beginners,2023-06-19T16:28:59Z,Jupyter Notebook,2025-03-14T18:41:19Z,325
FortAwesome/Font-Awesome,2012-02-17T14:19:43Z,JavaScript,2025-03-14T18:32:36Z,209
typicode/json-server,2013-11-27T13:21:13Z,JavaScript,2025-03-14T18:31:09Z,121
netdata/netdata,2013-06-17T18:39:10Z,C,2025-03-14T18:29:49Z,10124
DopplerHQ/awesome-interview-questions,2015-11-28T09:48:17Z,,2025-03-14T17:58:29Z,176
nomic-ai/gpt4all,2023-03-27T18:49:32Z,C++,2025-03-14T18:33:59Z,937
vuejs/awesome-vue,2015-10-20T00:16:14Z,,2025-03-14T16:51:33Z,3546
MunGell/awesome-for-beginners,2015-10-24T19:53:36Z,,2025-03-14T18:35:31Z,433
elastic/elasticsearch,2010-02-08T13:20:56Z,Java,2025-03-14T17:53:39Z,74820
anuraghazra/github-readme-stats,2020-07-09T10:34:22Z,JavaScript,2025-03-14T17:16:09Z,1237
fighting41love/funNLP,2018-08-21T11:20:39Z,Python,2025-03-14T16:59:01Z,14
microsoft/ML-For-Beginners,2021-03-03T01:34:05Z,HTML,2025-03-14T18:21:25Z,371
vitejs/vite,2020-04-21T05:03:57Z,TypeScript,2025-03-14T17:49:18Z,5149
comfyanonymous/ComfyUI,2023-01-17T03:15:56Z,Python,2025-03-14T18:23:15Z,686
microsoft/playwright,2019-11-15T18:32:42Z,TypeScript,2025-03-14T18:21:53Z,14186
coder/code-server,2019-02-27T16:50:41Z,TypeScript,2025-03-14T18:03:36Z,1525
bregman-arie/devops-exercises,2019-10-03T17:31:21Z,Python,2025-03-14T18:40:40Z,282
CompVis/stable-diffusion,2022-08-10T14:36:44Z,Jupyter Notebook,2025-03-14T18:21:25Z,5
hoppscotch/hoppscotch,2019-08-21T13:15:24Z,TypeScript,2025-03-14T18:05:14Z,1701
nestjs/nest,2017-02-04T20:12:52Z,TypeScript,2025-03-14T18:21:26Z,6869
thedaviddias/Front-End-Checklist,2017-10-16T10:12:36Z,,2025-03-14T15:25:13Z,179
Anduin2017/HowToCook,2020-02-29T10:43:49Z,Dockerfile,2025-03-14T18:21:26Z,519
moby/moby,2013-01-18T18:10:57Z,Go,2025-03-14T17:34:26Z,20799
ByteByteGoHq/system-design-101,2023-09-18T20:52:03Z,,2025-03-14T18:41:26Z,21
pallets/flask,2010-04-06T11:11:59Z,Python,2025-03-14T14:06:05Z,1590
abi/screenshot-to-code,2023-11-14T17:53:32Z,Python,2025-03-14T18:29:44Z,45
junegunn/fzf,2013-10-23T16:04:23Z,Go,2025-03-14T18:06:42Z,566
base/node,2023-02-01T13:55:02Z,Shell,2025-03-14T18:21:24Z,142
hakimel/reveal.js,2011-06-07T18:54:22Z,JavaScript,2025-03-14T18:21:24Z,405
redis/redis,2009-03-21T22:32:25Z,C,2025-03-14T15:40:11Z,3963
Developer-Y/cs-video-courses,2016-10-21T17:02:11Z,,2025-03-14T18:21:26Z,180
syncthing/syncthing,2013-11-26T09:48:21Z,Go,2025-03-14T18:21:24Z,2615
swiftlang/swift,2015-10-23T21:15:07Z,C++,2025-03-14T18:24:50Z,52665
binary-husky/gpt_academic,2023-03-20T09:05:13Z,Python,2025-03-14T16:21:35Z,223
n8n-io/n8n,2019-06-22T09:24:21Z,TypeScript,2025-03-14T18:22:26Z,8903
josephmisiti/awesome-machine-learning,2014-07-15T19:11:19Z,Python,2025-03-14T18:21:23Z,849
enaqx/awesome-react,2014-08-06T05:31:44Z,,2025-03-14T17:30:00Z,779
d2l-ai/d2l-zh,2017-08-23T04:40:24Z,Python,2025-03-14T18:21:26Z,1019
grafana/grafana,2013-12-11T15:59:56Z,TypeScript,2025-03-14T18:42:10Z,51755
protocolbuffers/protobuf,2014-08-26T15:52:15Z,C++,2025-03-14T17:28:55Z,6917
expressjs/express,2009-06-26T18:56:01Z,JavaScript,2025-03-14T13:49:40Z,416
sdmg15/Best-websites-a-programmer-should-visit,2017-03-05T20:25:17Z,,2025-03-14T18:37:59Z,429
louislam/uptime-kuma,2021-07-03T01:02:42Z,JavaScript,2025-03-14T17:55:40Z,1226
python/cpython,2017-02-10T19:23:51Z,Python,2025-03-14T17:11:40Z,48922
strapi/strapi,2015-09-30T15:34:48Z,TypeScript,2025-03-14T17:45:42Z,8816
chartjs/Chart.js,2013-03-17T23:56:36Z,JavaScript,2025-03-14T12:37:31Z,2985
ventoy/Ventoy,2020-03-10T15:19:19Z,C,2025-03-14T18:01:07Z,280
tesseract-ocr/tesseract,2014-08-12T18:04:59Z,C++,2025-03-14T18:21:25Z,1402
webpack/webpack,2012-03-10T10:08:14Z,JavaScript,2025-03-14T10:48:56Z,4873
apache/superset,2015-07-21T18:55:34Z,TypeScript,2025-03-14T17:56:46Z,14015
leonardomso/33-js-concepts,2018-09-04T13:27:04Z,JavaScript,2025-03-14T17:39:38Z,250
ansible/ansible,2012-03-06T14:58:02Z,Python,2025-03-14T17:49:35Z,38752
kdn251/interviews,2017-02-14T18:19:25Z,Java,2025-03-14T09:00:30Z,42
swisskyrepo/PayloadsAllTheThings,2016-10-18T07:29:07Z,Python,2025-03-14T18:21:25Z,540
ocornut/imgui,2014-07-21T14:29:47Z,C++,2025-03-14T18:28:49Z,387
xtekky/gpt4free,2023-03-29T17:00:43Z,Python,2025-03-14T18:35:01Z,742
lydiahallie/javascript-questions,2019-06-12T08:26:27Z,,2025-03-14T18:21:24Z,328
sherlock-project/sherlock,2018-12-24T14:30:48Z,Python,2025-03-14T18:32:51Z,639
twitter/the-algorithm,2023-03-27T14:57:57Z,Scala,2025-03-14T18:21:25Z,2
obsproject/obs-studio,2013-10-01T02:40:31Z,C,2025-03-14T18:36:25Z,5009
keras-team/keras,2015-03-28T00:35:42Z,Python,2025-03-14T16:54:07Z,3970
Eugeny/tabby,2016-12-23T09:06:10Z,TypeScript,2025-03-14T18:26:27Z,1478
FuelLabs/sway,2021-01-19T20:54:33Z,Rust,2025-03-14T18:18:36Z,3320
awesomedata/awesome-public-datasets,2014-11-20T06:20:50Z,,2025-03-14T17:44:10Z,187
fffaraz/awesome-cpp,2014-07-17T08:51:11Z,,2025-03-14T18:07:55Z,776
resume/resume.github.com,2011-02-06T13:39:55Z,JavaScript,2025-03-14T18:21:25Z,84
openai/openai-cookbook,2022-03-11T02:08:53Z,MDX,2025-03-14T18:21:24Z,680
caddyserver/caddy,2015-01-13T19:45:03Z,Go,2025-03-14T18:42:17Z,2053
apache/echarts,2013-04-03T03:18:59Z,TypeScript,2025-03-14T18:21:25Z,1357
socketio/socket.io,2010-03-11T18:24:48Z,TypeScript,2025-03-14T16:19:32Z,435
kelseyhightower/nocode,2018-02-06T23:54:00Z,Dockerfile,2025-03-14T18:18:37Z,1
scikit-learn/scikit-learn,2010-08-17T09:43:38Z,Python,2025-03-14T18:21:25Z,12940
danielmiessler/SecLists,2012-02-19T01:30:18Z,PHP,2025-03-14T18:17:33Z,663
AppFlowy-IO/AppFlowy,2021-06-16T12:56:48Z,Dart,2025-03-14T18:21:26Z,3574
immich-app/immich,2022-02-03T15:56:27Z,TypeScript,2025-03-14T18:17:33Z,5739
reduxjs/redux,2015-05-29T23:53:15Z,TypeScript,2025-03-14T11:44:07Z,1709
TheAlgorithms/Java,2016-07-16T10:21:02Z,Java,2025-03-14T18:33:30Z,1854
PKUFlyingPig/cs-self-learning,2021-10-20T13:43:42Z,HTML,2025-03-14T17:08:11Z,271
binhnguyennus/awesome-scalability,2017-12-27T03:46:40Z,,2025-03-14T18:29:06Z,36
chrislgarry/Apollo-11,2014-04-03T15:45:02Z,Assembly,2025-03-14T18:41:40Z,341
atom/atom,2012-01-20T18:18:21Z,JavaScript,2025-03-14T14:48:19Z,3937
lodash/lodash,2012-04-07T04:11:46Z,JavaScript,2025-03-14T15:22:24Z,581
bradtraversy/design-resources-for-developers,2020-05-06T14:40:35Z,,2025-03-14T18:21:25Z,940
h5bp/Front-end-Developer-Interview-Questions,2012-02-09T23:34:10Z,Nunjucks,2025-03-14T17:22:38Z,484
xingshaocheng/architect-awesome,2018-04-06T13:30:58Z,,2025-03-14T16:03:46Z,49
sindresorhus/awesome-nodejs,2014-07-11T13:35:34Z,,2025-03-14T15:48:03Z,414
adam-p/markdown-here,2012-05-13T03:27:22Z,JavaScript,2025-03-14T14:19:15Z,25
prakhar1989/awesome-courses,2014-11-15T18:36:49Z,,2025-03-14T17:20:35Z,194
jquery/jquery,2009-04-03T15:20:14Z,JavaScript,2025-03-14T06:27:52Z,789
Alvin9999/new-pac,2016-03-23T08:43:36Z,Python,2025-03-14T18:39:52Z,0
labmlai/annotated_deep_learning_paper_implementations,2020-08-25T02:29:34Z,Python,2025-03-14T15:29:24Z,102
localsend/localsend,2022-12-16T00:46:07Z,Dart,2025-03-14T18:19:32Z,656
facebook/docusaurus,2017-06-20T16:13:53Z,TypeScript,2025-03-14T17:58:46Z,5360
OpenInterpreter/open-interpreter,2023-07-14T07:10:44Z,Python,2025-03-14T17:47:54Z,367
angular/angular.js,2010-01-06T00:34:37Z,JavaScript,2025-03-13T17:16:19Z,789
shadowsocks/shadowsocks-windows,2013-01-14T07:54:16Z,C#,2025-03-14T11:40:56Z,290
nektos/act,2019-01-02T19:53:43Z,Go,2025-03-14T18:42:23Z,1014
localstack/localstack,2016-10-25T23:48:03Z,Python,2025-03-14T18:26:55Z,5782
alacritty/alacritty,2016-02-18T05:02:30Z,Rust,2025-03-14T17:06:44Z,1860
meta-llama/llama,2023-02-14T09:29:12Z,Python,2025-03-14T18:21:24Z,54
FuelLabs/fuel-core,2020-08-27T21:12:14Z,Rust,2025-03-14T15:08:37Z,1437
prometheus/prometheus,2012-11-24T11:14:12Z,Go,2025-03-14T18:15:11Z,7213
lobehub/lobe-chat,2023-05-21T07:19:12Z,TypeScript,2025-03-14T17:13:07Z,1907
jesseduffield/lazygit,2018-05-19T00:53:06Z,Go,2025-03-14T18:21:24Z,1515
spring-projects/spring-framework,2010-12-08T04:04:45Z,Java,2025-03-14T17:06:42Z,852
rust-lang/rustlings,2015-09-15T02:25:18Z,Rust,2025-03-14T18:00:57Z,905
h5bp/html5-boilerplate,2010-01-24T18:03:24Z,JavaScript,2025-03-14T18:18:38Z,774
ryanoasis/nerd-fonts,2014-12-05T04:31:17Z,CSS,2025-03-14T18:43:02Z,521
rails/rails,2008-04-11T02:19:47Z,Ruby,2025-03-14T16:02:36Z,24782
nuxt/nuxt,2016-10-26T11:18:47Z,TypeScript,2025-03-14T18:26:18Z,6272
gatsbyjs/gatsby,2015-05-21T22:43:05Z,JavaScript,2025-03-14T16:22:30Z,18147
scutan90/DeepLearning-500-questions,2018-06-27T06:36:45Z,JavaScript,2025-03-14T18:21:24Z,302
zed-industries/zed,2021-02-20T03:01:06Z,Rust,2025-03-14T18:42:06Z,11687
zylon-ai/private-gpt,2023-05-02T09:15:31Z,Python,2025-03-14T18:21:25Z,226
NationalSecurityAgency/ghidra,2019-03-01T03:27:48Z,Java,2025-03-14T17:04:11Z,499
soimort/you-get,2012-08-20T15:53:36Z,Python,2025-03-14T16:53:56Z,582
azl397985856/leetcode,2018-03-30T09:13:51Z,JavaScript,2025-03-14T18:14:26Z,257
Solido/awesome-flutter,2017-05-07T11:45:27Z,Dart,2025-03-14T18:10:39Z,445
youngyangyang04/leetcode-master,2019-12-14T12:05:42Z,Shell,2025-03-14T18:25:10Z,2296
scrapy/scrapy,2010-02-22T02:01:14Z,Python,2025-03-14T18:28:55Z,2280
PlexPt/awesome-chatgpt-prompts-zh,2022-12-12T01:55:03Z,,2025-03-14T15:19:32Z,33
ageitgey/face_recognition,2017-03-03T21:52:39Z,Python,2025-03-14T18:01:48Z,94
remix-run/react-router,2014-05-16T22:22:51Z,TypeScript,2025-03-14T16:31:15Z,2775
ElemeFE/element,2016-09-03T06:19:26Z,Vue,2025-03-14T16:37:33Z,3231
tldr-pages/tldr,2013-12-08T07:34:43Z,Markdown,2025-03-14T18:37:08Z,13057
dair-ai/Prompt-Engineering-Guide,2022-12-16T16:04:50Z,MDX,2025-03-14T18:21:54Z,302
Stirling-Tools/Stirling-PDF,2023-01-27T18:22:42Z,Java,2025-03-14T18:42:54Z,1583
git/git,2008-07-23T14:21:26Z,C,2025-03-14T18:05:59Z,3
CorentinJ/Real-Time-Voice-Cloning,2019-05-26T08:56:15Z,Python,2025-03-14T16:21:27Z,48
traefik/traefik,2015-09-13T19:04:02Z,Go,2025-03-14T18:21:24Z,4519
lencx/ChatGPT,2022-12-07T09:43:02Z,Rust,2025-03-14T18:21:25Z,123
deepfakes/faceswap,2017-12-19T09:44:13Z,Python,2025-03-14T18:21:25Z,357
AntonOsika/gpt-engineer,2023-04-29T12:52:15Z,Python,2025-03-14T18:39:45Z,351
ruanyf/weekly,2018-10-13T12:36:07Z,,2025-03-14T18:21:25Z,94
jgraph/drawio-desktop,2017-05-25T20:58:42Z,JavaScript,2025-03-14T17:37:53Z,20
nocodb/nocodb,2017-10-29T18:51:48Z,TypeScript,2025-03-14T18:28:41Z,4548
ultralytics/yolov5,2020-05-18T03:45:11Z,Python,2025-03-14T17:37:36Z,2179
commaai/openpilot,2016-11-24T01:33:30Z,Python,2025-03-14T18:21:26Z,11002
necolas/normalize.css,2011-05-04T10:20:25Z,CSS,2025-03-14T18:21:25Z,56
FiloSottile/mkcert,2018-06-25T05:33:03Z,Go,2025-03-14T17:24:53Z,52
psf/requests,2011-02-13T18:38:17Z,Python,2025-03-14T18:35:03Z,1567
geekan/MetaGPT,2023-06-30T09:04:55Z,Python,2025-03-14T18:40:08Z,665
Z4nzu/hackingtool,2020-04-11T09:21:31Z,Python,2025-03-14T18:30:35Z,56
wasabeef/awesome-android-ui,2014-12-24T01:45:03Z,,2025-03-14T16:26:05Z,90
sharkdp/bat,2018-04-21T10:52:23Z,Rust,2025-03-14T18:18:36Z,1390
gorhill/uBlock,2015-04-01T17:51:11Z,JavaScript,2025-03-14T18:39:03Z,247
ionic-team/ionic-framework,2013-08-20T23:06:02Z,TypeScript,2025-03-14T17:05:01Z,6079
langflow-ai/langflow,2023-02-08T22:28:03Z,Python,2025-03-14T18:30:45Z,3502
topjohnwu/Magisk,2016-09-08T12:42:53Z,C++,2025-03-14T18:30:52Z,1550
golang-standards/project-layout,2017-09-09T16:33:26Z,Makefile,2025-03-14T17:43:58Z,91
Textualize/rich,2019-11-10T15:28:09Z,Python,2025-03-14T18:38:28Z,806
google/material-design-icons,2014-10-08T18:01:28Z,,2025-03-14T16:47:34Z,48
Semantic-Org/Semantic-UI,2013-04-08T23:32:04Z,JavaScript,2025-03-14T05:58:38Z,357
BurntSushi/ripgrep,2016-03-11T02:02:33Z,Rust,2025-03-14T18:32:21Z,511
juliangarnier/anime,2016-03-13T21:37:45Z,JavaScript,2025-03-14T14:32:12Z,72
pi-hole/pi-hole,2014-06-08T15:02:55Z,Shell,2025-03-14T17:59:00Z,2004
pmndrs/zustand,2019-04-09T09:10:06Z,TypeScript,2025-03-14T18:21:25Z,750
minio/minio,2015-01-14T19:23:58Z,Go,2025-03-14T17:06:06Z,9767
clash-verge-rev/clash-verge-rev,2023-11-21T18:24:03Z,TypeScript,2025-03-14T18:25:00Z,175
google/guava,2014-05-29T16:23:17Z,Java,2025-03-14T18:35:18Z,843
All-Hands-AI/OpenHands,2024-03-13T03:33:31Z,Python,2025-03-14T17:41:37Z,3588
xai-org/grok-1,2024-03-17T08:53:38Z,Python,2025-03-14T17:24:13Z,5
JetBrains/kotlin,2012-02-13T17:29:58Z,Kotlin,2025-03-14T18:31:00Z,2064
prettier/prettier,2016-11-29T17:13:37Z,JavaScript,2025-03-14T16:20:27Z,8525
mozilla/pdf.js,2011-04-26T06:32:03Z,JavaScript,2025-03-14T15:28:50Z,7843
sickcodes/Docker-OSX,2020-06-04T11:01:37Z,Shell,2025-03-14T16:38:38Z,105
tiimgreen/github-cheat-sheet,2014-04-12T16:38:42Z,,2025-03-14T15:46:56Z,129
wagoodman/dive,2018-05-13T15:44:01Z,Go,2025-03-14T17:18:11Z,141
meilisearch/meilisearch,2018-04-23T11:45:28Z,Rust,2025-03-14T18:10:47Z,1957
jekyll/jekyll,2008-10-20T06:29:03Z,Ruby,2025-03-14T12:53:48Z,3178
withastro/astro,2021-03-15T17:19:47Z,TypeScript,2025-03-14T18:24:13Z,6915
jgthms/bulma,2016-01-23T23:48:34Z,CSS,2025-03-14T15:01:09Z,638
DefinitelyTyped/DefinitelyTyped,2012-10-05T16:39:45Z,TypeScript,2025-03-14T14:44:00Z,51158
rclone/rclone,2014-03-16T16:19:57Z,Go,2025-03-14T18:43:20Z,2015
facebookresearch/segment-anything,2023-03-23T17:03:03Z,Jupyter Notebook,2025-03-14T16:49:53Z,16
rust-unofficial/awesome-rust,2014-07-17T10:45:10Z,Rust,2025-03-14T17:54:23Z,1487
vuejs/core,2018-06-12T13:49:36Z,TypeScript,2025-03-14T18:21:25Z,2980
ngosang/trackerslist,2016-04-24T11:57:57Z,,2025-03-14T18:43:31Z,1
marktext/marktext,2017-11-12T16:05:25Z,JavaScript,2025-03-14T18:15:32Z,939
chinese-poetry/chinese-poetry,2016-09-02T03:32:25Z,JavaScript,2025-03-14T14:00:03Z,135
TryGhost/Ghost,2013-05-04T11:09:13Z,JavaScript,2025-03-14T18:30:31Z,12473
etcd-io/etcd,2013-07-06T21:57:21Z,Go,2025-03-14T18:20:55Z,9274
ethereum/go-ethereum,2013-12-26T13:05:46Z,Go,2025-03-14T18:35:06Z,7824
vsouza/awesome-ios,2014-07-10T16:03:45Z,Swift,2025-03-14T16:43:16Z,2233
cypress-io/cypress,2015-03-04T00:46:28Z,TypeScript,2025-03-14T15:21:58Z,6707
FFmpeg/FFmpeg,2011-04-14T14:12:38Z,C,2025-03-14T18:42:17Z,16
romkatv/powerlevel10k,2019-02-24T19:09:45Z,Shell,2025-03-14T17:09:05Z,167
laurent22/joplin,2017-01-16T21:49:41Z,TypeScript,2025-03-14T18:11:51Z,3874
moment/moment,2011-03-01T02:46:06Z,JavaScript,2025-03-14T09:17:02Z,714
NARKOZ/hacker-scripts,2015-11-21T19:05:09Z,JavaScript,2025-03-14T18:27:46Z,63
ReactiveX/RxJava,2013-01-08T20:11:48Z,Java,2025-03-14T07:18:18Z,3297
mlabonne/llm-course,2023-06-17T22:16:25Z,Jupyter Notebook,2025-03-14T17:28:45Z,1
mastodon/mastodon,2016-02-22T15:01:25Z,Ruby,2025-03-14T15:34:55Z,16719
poteto/hiring-without-whiteboards,2017-03-15T05:09:01Z,JavaScript,2025-03-14T17:17:26Z,1299
appwrite/appwrite,2019-04-08T16:36:25Z,TypeScript,2025-03-14T18:01:07Z,3388
go-gitea/gitea,2016-11-01T02:13:26Z,Go,2025-03-14T18:39:01Z,17088
starship/starship,2019-04-02T03:23:12Z,Rust,2025-03-14T17:46:40Z,2803
iamkun/dayjs,2018-04-10T09:26:44Z,JavaScript,2025-03-14T15:52:34Z,694
charlax/professional-programming,2015-11-07T05:07:52Z,Python,2025-03-14T17:25:28Z,38
WerWolv/ImHex,2020-11-10T14:27:00Z,C++,2025-03-14T17:04:09Z,599
firstcontributions/first-contributions,2016-09-20T14:35:09Z,,2025-03-14T18:41:35Z,80313
PaddlePaddle/PaddleOCR,2020-05-08T10:38:16Z,Python,2025-03-14T18:24:21Z,2620
algorithm-visualizer/algorithm-visualizer,2016-05-15T00:27:45Z,JavaScript,2025-03-14T17:59:00Z,183
minimaxir/big-list-of-naughty-strings,2015-08-08T20:57:20Z,Python,2025-03-14T17:08:48Z,90
justjavac/awesome-wechat-weapp,2016-09-22T20:04:48Z,,2025-03-14T17:25:49Z,277
AlistGo/alist,2020-12-23T17:40:29Z,Go,2025-03-14T17:28:36Z,788
agalwood/Motrix,2018-12-18T11:45:05Z,JavaScript,2025-03-14T15:01:43Z,192
PowerShell/PowerShell,2016-01-13T23:41:35Z,C#,2025-03-14T15:35:05Z,7344
toeverything/AFFiNE,2022-07-31T18:45:21Z,TypeScript,2025-03-14T16:57:32Z,6758
Avik-Jain/100-Days-Of-ML-Code,2018-07-05T09:11:43Z,,2025-03-14T18:38:45Z,6
serverless/serverless,2015-04-21T03:48:40Z,JavaScript,2025-03-13T23:58:58Z,4722
JuliaLang/julia,2011-04-21T07:01:50Z,Julia,2025-03-14T16:50:26Z,25040
square/okhttp,2012-07-23T13:42:55Z,Kotlin,2025-03-14T17:12:33Z,3523
kamranahmedse/design-patterns-for-humans,2017-02-16T21:24:39Z,,2025-03-14T18:40:53Z,50
typescript-cheatsheets/react,2018-06-02T04:08:16Z,JavaScript,2025-03-14T17:59:00Z,370
ziishaned/learn-regex,2017-07-22T12:21:03Z,,2025-03-14T18:12:11Z,124
karan/Projects,2013-07-04T13:37:27Z,,2025-03-14T17:43:58Z,19
v2ray/v2ray-core,2015-09-04T11:42:53Z,Go,2025-03-14T17:49:20Z,203
x64dbg/x64dbg,2015-04-11T20:48:23Z,C++,2025-03-14T12:54:05Z,699
gogs/gogs,2014-02-12T01:57:08Z,Go,2025-03-14T16:51:08Z,1744
unionlabs/union,2023-05-16T22:33:39Z,Rust,2025-03-14T18:42:55Z,2052
huginn/huginn,2013-03-10T06:00:31Z,Ruby,2025-03-14T17:52:19Z,1042
Asabeneh/30-Days-Of-Python,2019-11-19T17:24:16Z,Python,2025-03-14T18:20:36Z,55
slab/quill,2012-07-30T23:23:18Z,TypeScript,2025-03-14T18:21:48Z,379
android/architecture-samples,2016-02-05T13:42:07Z,Kotlin,2025-03-14T15:12:26Z,231
pandas-dev/pandas,2010-08-24T01:37:33Z,Python,2025-03-14T15:03:17Z,26555
nlohmann/json,2013-07-04T08:47:49Z,C++,2025-03-14T17:15:19Z,812
hashicorp/terraform,2014-03-13T22:25:48Z,Go,2025-03-14T18:03:10Z,12294
type-challenges/type-challenges,2020-07-23T14:33:11Z,TypeScript,2025-03-14T16:35:55Z,574
pixijs/pixijs,2013-01-21T22:40:50Z,TypeScript,2025-03-14T16:59:22Z,3572
infiniflow/ragflow,2023-12-12T06:13:13Z,TypeScript,2025-03-14T18:10:54Z,2501
hacksider/Deep-Live-Cam,2023-09-24T13:19:31Z,Python,2025-03-14T18:07:13Z,69
jestjs/jest,2013-12-10T00:18:04Z,TypeScript,2025-03-14T18:41:46Z,5596
meteor/meteor,2012-01-19T01:58:17Z,JavaScript,2025-03-14T16:38:06Z,2413
pocketbase/pocketbase,2022-07-05T06:06:21Z,Go,2025-03-14T18:35:56Z,49
ColorlibHQ/AdminLTE,2013-12-25T02:52:40Z,Astro,2025-03-14T16:33:51Z,1539
dkhamsing/open-source-ios-apps,2015-01-26T23:32:34Z,,2025-03-14T15:47:14Z,1260
TanStack/query,2019-09-10T19:23:58Z,TypeScript,2025-03-14T17:41:00Z,2489
hiyouga/LLaMA-Factory,2023-05-28T10:09:12Z,Python,2025-03-14T18:35:16Z,442
jakevdp/PythonDataScienceHandbook,2016-08-10T14:24:36Z,Jupyter Notebook,2025-03-14T17:35:31Z,28
Asabeneh/30-Days-Of-JavaScript,2019-12-23T14:07:40Z,JavaScript,2025-03-14T18:20:10Z,98
astral-sh/uv,2023-10-02T20:24:11Z,Rust,2025-03-14T18:29:48Z,5941
bigskysoftware/htmx,2020-04-13T16:17:51Z,JavaScript,2025-03-14T17:45:54Z,877
FuelLabs/fuels-ts,2021-09-03T18:11:03Z,TypeScript,2025-03-14T15:08:34Z,1879
browser-use/browser-use,2024-10-31T16:00:56Z,Python,2025-03-14T18:40:36Z,278
FuelLabs/fuels-rs,2021-10-31T22:33:54Z,Rust,2025-03-14T15:08:36Z,872
brillout/awesome-react-components,2016-06-24T15:19:33Z,,2025-03-14T17:56:39Z,324
vercel/hyper,2016-07-01T06:01:21Z,TypeScript,2025-03-14T18:23:35Z,3291
lllyasviel/Fooocus,2023-08-09T18:43:40Z,Python,2025-03-14T18:20:49Z,447
google/zx,2021-05-05T05:50:01Z,JavaScript,2025-03-14T14:28:24Z,388
parcel-bundler/parcel,2017-08-07T16:36:47Z,JavaScript,2025-03-14T17:33:30Z,2581
aymericdamien/TensorFlow-Examples,2015-11-11T14:21:19Z,Jupyter Notebook,2025-03-14T15:12:29Z,88
discourse/discourse,2013-01-12T00:25:55Z,Ruby,2025-03-14T18:36:20Z,27766
astaxie/build-web-application-with-golang,2012-08-02T11:49:35Z,Go,2025-03-14T14:59:32Z,757
babel/babel,2014-09-28T13:38:23Z,TypeScript,2025-03-14T16:22:45Z,6077
isocpp/CppCoreGuidelines,2015-08-19T20:22:52Z,CSS,2025-03-14T14:01:17Z,807
dypsilon/frontend-dev-bookmarks,2013-06-22T13:23:55Z,,2025-03-14T16:48:30Z,129
square/retrofit,2010-09-06T21:39:43Z,HTML,2025-03-14T16:38:58Z,1060
serhii-londar/open-source-mac-os-apps,2017-11-03T02:35:33Z,,2025-03-14T17:20:02Z,523
skylot/jadx,2013-03-18T17:08:21Z,Java,2025-03-14T17:59:14Z,527
akullpp/awesome-java,2014-07-09T10:12:43Z,,2025-03-14T14:57:13Z,699
kelseyhightower/kubernetes-the-hard-way,2016-07-07T14:15:27Z,,2025-03-14T18:36:48Z,71
jesseduffield/lazydocker,2019-05-18T08:53:50Z,Go,2025-03-14T17:13:31Z,186
oobabooga/text-generation-webui,2022-12-21T04:17:37Z,Python,2025-03-14T17:59:07Z,1077
Homebrew/brew,2016-03-06T05:08:38Z,Ruby,2025-03-14T18:08:01Z,12194
lyswhut/lx-music-desktop,2019-08-14T14:31:08Z,TypeScript,2025-03-14T18:25:53Z,80
streamich/react-use,2018-10-27T10:16:05Z,TypeScript,2025-03-14T14:34:10Z,1520
grpc/grpc,2014-12-08T18:58:53Z,C++,2025-03-14T18:34:57Z,19629
react-hook-form/react-hook-form,2019-03-05T23:47:10Z,TypeScript,2025-03-14T12:06:39Z,2003
dani-garcia/vaultwarden,2018-02-17T22:40:20Z,Rust,2025-03-14T18:37:27Z,914
yangshun/front-end-interview-handbook,2018-01-13T19:40:08Z,MDX,2025-03-14T14:55:54Z,310
RVC-Boss/GPT-SoVITS,2024-01-14T18:05:21Z,Python,2025-03-14T18:19:49Z,292
dbeaver/dbeaver,2015-10-21T08:26:28Z,Java,2025-03-14T18:23:11Z,5613
Leaflet/Leaflet,2010-09-22T16:57:44Z,JavaScript,2025-03-14T17:50:49Z,3014
RocketChat/Rocket.Chat,2015-05-19T07:36:09Z,TypeScript,2025-03-14T15:58:10Z,13640
maybe-finance/maybe,2024-01-01T22:23:46Z,Ruby,2025-03-14T17:17:19Z,887
k88hudson/git-flight-rules,2014-07-22T20:35:09Z,,2025-03-14T13:35:36Z,224
Unitech/pm2,2013-05-21T03:25:25Z,JavaScript,2025-03-14T17:06:39Z,550
rasbt/LLMs-from-scratch,2023-07-23T18:15:57Z,Jupyter Notebook,2025-03-14T17:18:51Z,291
LeCoupa/awesome-cheatsheets,2017-11-09T02:47:15Z,JavaScript,2025-03-14T18:10:29Z,169
jeecgboot/JeecgBoot,2018-11-26T10:40:00Z,Java,2025-03-14T15:35:09Z,94
DovAmir/awesome-design-patterns,2018-06-04T17:47:48Z,,2025-03-14T18:42:31Z,31
Alamofire/Alamofire,2014-07-31T05:56:19Z,Swift,2025-03-14T16:36:04Z,650
microsoft/monaco-editor,2016-06-07T16:56:31Z,JavaScript,2025-03-14T15:37:22Z,463
GitSquared/edex-ui,2017-01-28T09:35:02Z,JavaScript,2025-03-14T17:54:49Z,399
acmesh-official/acme.sh,2015-12-26T12:56:33Z,Shell,2025-03-14T18:12:32Z,1380
prisma/prisma,2019-06-20T13:33:47Z,TypeScript,2025-03-14T18:34:25Z,5842
yarnpkg/yarn,2016-01-19T17:39:16Z,JavaScript,2025-03-14T12:11:06Z,1654
vllm-project/vllm,2023-02-09T11:23:20Z,Python,2025-03-14T18:10:49Z,5077
microsoft/autogen,2023-08-18T11:43:45Z,Python,2025-03-14T17:15:26Z,2184
sudheerj/reactjs-interview-questions,2018-05-31T17:17:01Z,JavaScript,2025-03-14T17:36:22Z,158
alex/what-happens-when,2013-11-07T04:30:06Z,,2025-03-14T17:32:07Z,108
odoo/odoo,2014-05-13T15:38:58Z,Python,2025-03-14T18:30:04Z,6179
pyenv/pyenv,2012-08-31T06:57:52Z,Roff,2025-03-14T17:33:29Z,938
metabase/metabase,2015-02-02T19:25:47Z,Clojure,2025-03-14T18:35:15Z,28886
DigitalPlatDev/FreeDomain,2024-05-30T13:23:00Z,HTML,2025-03-14T15:49:34Z,0
faif/python-patterns,2012-06-06T21:02:35Z,Python,2025-03-14T17:12:44Z,265
bailicangdu/vue2-elm,2016-12-23T01:49:20Z,Vue,2025-03-14T14:54:09Z,21
THUDM/ChatGLM-6B,2023-03-13T12:00:18Z,Python,2025-03-14T14:55:45Z,49
Mintplex-Labs/anything-llm,2023-06-04T02:29:14Z,JavaScript,2025-03-14T18:33:12Z,870
apache/dubbo,2012-06-19T07:56:02Z,Java,2025-03-14T13:37:26Z,5620
apache/spark,2014-02-25T08:00:08Z,Scala,2025-03-14T17:45:40Z,7
styled-components/styled-components,2016-08-16T06:41:32Z,TypeScript,2025-03-14T11:14:00Z,953
nolimits4web/swiper,2012-03-14T19:11:45Z,JavaScript,2025-03-14T14:24:05Z,595
hpcaitech/ColossalAI,2021-10-28T16:19:44Z,Python,2025-03-14T18:41:33Z,3625
nwjs/nw.js,2012-01-04T06:21:10Z,JavaScript,2025-03-14T14:13:42Z,575
dcloudio/uni-app,2018-07-12T08:52:39Z,JavaScript,2025-03-14T13:04:19Z,325
Light-City/CPlusPlusThings,2019-07-14T08:45:45Z,C++,2025-03-14T16:21:09Z,72
Stability-AI/stablediffusion,2022-11-23T23:59:50Z,Python,2025-03-14T17:30:44Z,18
mingrammer/diagrams,2020-02-02T15:23:24Z,Python,2025-03-14T17:59:59Z,310
Kong/kong,2014-11-17T23:56:08Z,Lua,2025-03-14T16:04:38Z,6407
apachecn/ailearning,2017-02-25T08:53:02Z,Python,2025-03-14T17:30:24Z,478
vuetifyjs/vuetify,2016-09-12T00:39:35Z,TypeScript,2025-03-14T15:13:28Z,4089
getsentry/sentry,2010-08-30T22:06:41Z,Python,2025-03-14T18:37:23Z,63758
hexojs/hexo,2012-09-23T15:17:08Z,TypeScript,2025-03-14T12:42:11Z,935
microsoft/markitdown,2024-11-13T19:56:40Z,Python,2025-03-14T18:28:23Z,113
karpathy/nanoGPT,2022-12-28T00:51:12Z,Python,2025-03-14T15:21:23Z,45
coreybutler/nvm-windows,2014-09-20T16:37:28Z,Go,2025-03-14T17:59:28Z,107
run-llama/llama_index,2022-11-02T04:24:54Z,Python,2025-03-14T18:16:51Z,6210
fastlane/fastlane,2014-12-02T17:00:38Z,Ruby,2025-03-14T16:21:02Z,6223
psf/black,2018-03-14T19:54:45Z,Python,2025-03-14T18:34:30Z,1546
spf13/cobra,2013-09-03T20:40:26Z,Go,2025-03-14T16:03:00Z,612
termux/termux-app,2015-10-23T09:42:46Z,Java,2025-03-14T16:50:40Z,160
iina/iina,2016-12-19T07:18:45Z,Swift,2025-03-14T17:11:12Z,776
ClickHouse/ClickHouse,2016-06-02T08:28:18Z,C++,2025-03-14T18:18:04Z,45206
bannedbook/fanqiang,2015-01-14T00:34:25Z,Kotlin,2025-03-14T14:23:53Z,3
apache/airflow,2015-04-13T18:04:58Z,Python,2025-03-14T18:38:28Z,25047
tldraw/tldraw,2021-05-09T11:48:37Z,TypeScript,2025-03-14T18:17:40Z,2945
2dust/v2rayNG,2019-05-15T02:15:31Z,Kotlin,2025-03-14T17:42:37Z,411
chubin/cheat.sh,2017-05-07T21:40:56Z,Python,2025-03-14T17:03:57Z,124
Dogfalo/materialize,2014-09-12T19:35:38Z,JavaScript,2025-03-14T16:28:18Z,449
tabler/tabler,2018-02-01T09:08:59Z,MDX,2025-03-14T17:43:08Z,609
floodsung/Deep-Learning-Papers-Reading-Roadmap,2016-10-14T11:49:48Z,Python,2025-03-14T18:02:36Z,28
google-research/bert,2018-10-25T22:57:34Z,Python,2025-03-14T16:50:13Z,32
php/php-src,2011-06-16T01:52:25Z,C,2025-03-14T17:28:52Z,3752
1c7/chinese-independent-developer,2017-09-21T11:08:23Z,,2025-03-14T16:21:26Z,269
chakra-ui/chakra-ui,2019-08-17T14:27:54Z,TypeScript,2025-03-14T16:27:27Z,2688
evanw/esbuild,2016-06-14T16:08:50Z,Go,2025-03-14T16:33:19Z,238
wg/wrk,2012-03-20T11:12:28Z,C,2025-03-14T17:48:30Z,0
cli/cli,2019-10-03T15:24:53Z,Go,2025-03-14T18:06:26Z,2408
videojs/video.js,2010-05-14T18:45:10Z,JavaScript,2025-03-14T10:43:18Z,1796
bradtraversy/50projects50days,2020-11-16T14:39:01Z,CSS,2025-03-14T18:24:18Z,44
ggerganov/whisper.cpp,2022-09-25T18:26:37Z,C++,2025-03-14T18:26:56Z,642
bevyengine/bevy,2020-01-18T21:13:55Z,Rust,2025-03-14T18:07:29Z,5093
coqui-ai/TTS,2020-05-20T15:45:28Z,Python,2025-03-14T17:43:46Z,467
coollabsio/coolify,2021-01-25T20:54:01Z,PHP,2025-03-14T18:26:34Z,1449
typst/typst,2019-09-24T21:41:56Z,Rust,2025-03-14T18:40:38Z,1580
mitmproxy/mitmproxy,2010-02-16T04:10:13Z,Python,2025-03-14T18:22:01Z,2544
GokuMohandas/Made-With-ML,2018-11-05T03:44:27Z,Jupyter Notebook,2025-03-14T14:55:40Z,147
expo/expo,2016-08-15T17:14:25Z,TypeScript,2025-03-14T18:19:36Z,15983
streamlit/streamlit,2019-08-24T00:14:52Z,Python,2025-03-14T18:17:14Z,4796
usememos/memos,2021-12-08T15:30:18Z,Go,2025-03-14T18:35:53Z,1641
lm-sys/FastChat,2023-03-19T00:18:02Z,Python,2025-03-14T17:13:28Z,850
KRTirtho/spotube,2021-02-14T03:17:58Z,Dart,2025-03-14T18:34:57Z,234
pingcap/tidb,2015-09-06T04:01:52Z,Go,2025-03-14T16:13:22Z,31647
byoungd/English-level-up-tips,2017-05-30T07:18:52Z,HTML,2025-03-14T14:54:09Z,26
LC044/WeChatMsg,2023-01-11T05:03:49Z,Python,2025-03-14T15:42:45Z,62
QSCTech/zju-icicles,2016-06-28T16:17:32Z,HTML,2025-03-14T13:18:31Z,223
NaiboWang/EasySpider,2020-07-18T02:41:27Z,JavaScript,2025-03-14T15:59:57Z,40
ziglang/zig,2015-08-06T00:51:28Z,Zig,2025-03-14T18:12:59Z,8606
google/styleguide,2015-05-20T19:18:59Z,HTML,2025-03-14T16:56:07Z,181
ultralytics/ultralytics,2022-09-11T16:39:45Z,Python,2025-03-14T18:35:37Z,2916
zhongyang219/TrafficMonitor,2017-07-30T02:51:17Z,C++,2025-03-14T18:02:58Z,57
docker/awesome-compose,2020-02-13T08:51:42Z,HTML,2025-03-14T18:14:30Z,149
PhilJay/MPAndroidChart,2014-04-25T14:29:47Z,Java,2025-03-14T04:43:13Z,190
jellyfin/jellyfin,2018-12-09T06:36:45Z,C#,2025-03-14T17:30:42Z,4495
impress/impress.js,2011-12-28T22:23:19Z,JavaScript,2025-03-14T09:16:08Z,121
go-gorm/gorm,2013-10-25T08:31:38Z,Go,2025-03-14T15:50:59Z,731
vim/vim,2015-08-18T21:03:56Z,Vim Script,2025-03-14T18:28:21Z,438
phaserjs/phaser,2013-04-12T12:27:51Z,JavaScript,2025-03-14T18:43:01Z,1710
QuivrHQ/quivr,2023-05-12T23:53:30Z,Python,2025-03-14T15:10:10Z,1805
deepspeedai/DeepSpeed,2020-01-23T18:35:18Z,Python,2025-03-14T18:30:08Z,2588
freefq/free,2020-06-07T02:48:33Z,,2025-03-14T14:15:35Z,0
google/leveldb,2014-08-27T21:17:52Z,C++,2025-03-14T17:03:27Z,64
LAION-AI/Open-Assistant,2022-12-13T05:24:17Z,Python,2025-03-14T15:20:31Z,1616
preactjs/preact,2015-09-11T02:40:18Z,JavaScript,2025-03-14T16:19:14Z,1816
freqtrade/freqtrade,2017-05-17T23:48:53Z,Python,2025-03-14T17:31:18Z,5577
AykutSarac/jsoncrack.com,2022-01-30T15:25:18Z,TypeScript,2025-03-14T17:04:11Z,83
suno-ai/bark,2023-04-07T19:34:48Z,Jupyter Notebook,2025-03-14T17:50:57Z,19
curl/curl,2010-03-18T22:32:22Z,C,2025-03-14T17:25:14Z,191
