nameWithOwner,createdAt,primaryLanguage,updatedAt
freeCodeCamp/freeCodeCamp,2014-12-24T17:49:19Z,{'name': 'TypeScript'},2025-03-14T17:34:18Z
codecrafters-io/build-your-own-x,2018-05-09T12:03:18Z,{'name': 'Markdown'},2025-03-14T17:34:16Z
EbookFoundation/free-programming-books,2013-10-11T06:50:37Z,{'name': 'HTML'},2025-03-14T17:25:03Z
sindresorhus/awesome,2014-07-11T13:42:37Z,,2025-03-14T17:21:17Z
public-apis/public-apis,2016-03-20T23:49:42Z,{'name': 'Python'},2025-03-14T17:35:27Z
jwasham/coding-interview-university,2016-06-06T02:34:12Z,,2025-03-14T17:22:25Z
kamranahmedse/developer-roadmap,2017-03-15T13:45:52Z,{'name': 'TypeScript'},2025-03-14T17:10:41Z
donnemartin/system-design-primer,2017-02-26T16:15:28Z,{'name': 'Python'},2025-03-14T17:20:40Z
996icu/996.ICU,2019-03-26T07:31:14Z,,2025-03-14T15:19:30Z
vinta/awesome-python,2014-06-27T21:00:06Z,{'name': 'Python'},2025-03-14T17:20:48Z
facebook/react,2013-05-24T16:15:54Z,{'name': 'JavaScript'},2025-03-14T17:20:26Z
practical-tutorials/project-based-learning,2017-04-12T05:07:46Z,,2025-03-14T17:34:31Z
awesome-selfhosted/awesome-selfhosted,2015-06-01T02:33:17Z,,2025-03-14T17:30:02Z
vuejs/vue,2013-07-29T03:24:51Z,{'name': 'TypeScript'},2025-03-14T17:30:28Z
TheAlgorithms/Python,2016-07-16T09:44:01Z,{'name': 'Python'},2025-03-14T17:06:16Z
trekhleb/javascript-algorithms,2018-03-24T07:47:04Z,{'name': 'JavaScript'},2025-03-14T17:23:44Z
torvalds/linux,2011-09-04T22:48:12Z,{'name': 'C'},2025-03-14T16:50:48Z
tensorflow/tensorflow,2015-11-07T01:19:20Z,{'name': 'C++'},2025-03-14T17:30:40Z
getify/You-Dont-Know-JS,2013-11-16T02:37:24Z,,2025-03-14T16:03:02Z
CyC2018/CS-Notes,2018-02-13T14:56:24Z,,2025-03-14T16:54:06Z
ohmyzsh/ohmyzsh,2009-08-28T18:15:37Z,{'name': 'Shell'},2025-03-14T17:11:55Z
ossu/computer-science,2014-05-04T00:18:39Z,,2025-03-14T17:21:40Z
Significant-Gravitas/AutoGPT,2023-03-16T09:21:07Z,{'name': 'Python'},2025-03-14T17:19:22Z
twbs/bootstrap,2011-07-29T21:19:00Z,{'name': 'JavaScript'},2025-03-14T16:41:58Z
flutter/flutter,2015-03-06T22:54:58Z,{'name': 'Dart'},2025-03-14T17:35:52Z
microsoft/vscode,2015-09-03T20:23:38Z,{'name': 'TypeScript'},2025-03-14T17:27:13Z
github/gitignore,2010-11-08T20:17:14Z,,2025-03-14T17:19:20Z
jackfrued/Python-100-Days,2018-03-01T16:05:52Z,{'name': 'Jupyter Notebook'},2025-03-14T16:57:25Z
trimstray/the-book-of-secret-knowledge,2018-06-23T10:43:14Z,,2025-03-14T17:30:04Z
jlevy/the-art-of-command-line,2015-05-20T15:11:03Z,,2025-03-14T17:34:54Z
AUTOMATIC1111/stable-diffusion-webui,2022-08-22T14:05:26Z,{'name': 'Python'},2025-03-14T17:27:01Z
Snailclimb/JavaGuide,2018-05-07T13:27:00Z,{'name': 'Java'},2025-03-14T14:09:08Z
airbnb/javascript,2012-11-01T23:13:50Z,{'name': 'JavaScript'},2025-03-14T15:25:37Z
huggingface/transformers,2018-10-29T13:56:00Z,{'name': 'Python'},2025-03-14T16:50:26Z
avelino/awesome-go,2014-07-06T13:42:15Z,{'name': 'Go'},2025-03-14T17:21:38Z
ytdl-org/youtube-dl,2010-10-31T14:35:07Z,{'name': 'Python'},2025-03-14T17:03:46Z
ollama/ollama,2023-06-26T19:39:32Z,{'name': 'Go'},2025-03-14T17:24:17Z
vercel/next.js,2016-10-05T23:32:51Z,{'name': 'JavaScript'},2025-03-14T17:35:26Z
labuladong/fucking-algorithm,2020-02-19T09:01:23Z,{'name': 'Markdown'},2025-03-14T17:25:00Z
golang/go,2014-08-19T04:33:40Z,{'name': 'Go'},2025-03-14T17:06:29Z
massgravel/Microsoft-Activation-Scripts,2020-01-12T23:03:34Z,{'name': 'Batchfile'},2025-03-14T17:35:59Z
Chalarangelo/30-seconds-of-code,2017-11-29T17:35:03Z,{'name': 'JavaScript'},2025-03-14T16:44:26Z
yangshun/tech-interview-handbook,2016-07-05T05:00:48Z,{'name': 'TypeScript'},2025-03-14T17:24:00Z
f/awesome-chatgpt-prompts,2022-12-05T13:54:13Z,{'name': 'HTML'},2025-03-14T17:05:40Z
facebook/react-native,2015-01-09T18:10:16Z,{'name': 'C++'},2025-03-14T16:23:37Z
Genymobile/scrcpy,2017-11-21T18:00:27Z,{'name': 'C'},2025-03-14T17:34:59Z
microsoft/PowerToys,2019-05-01T17:44:02Z,{'name': 'C#'},2025-03-14T16:53:01Z
electron/electron,2013-04-12T01:47:36Z,{'name': 'C++'},2025-03-14T17:01:15Z
kubernetes/kubernetes,2014-06-06T22:56:04Z,{'name': 'Go'},2025-03-14T17:36:05Z
justjavac/free-programming-books-zh_CN,2013-11-04T01:59:19Z,,2025-03-14T16:58:24Z
nodejs/node,2014-11-26T19:57:11Z,{'name': 'JavaScript'},2025-03-14T17:35:24Z
krahets/hello-algo,2022-11-04T11:08:34Z,{'name': 'Java'},2025-03-14T17:11:04Z
d3/d3,2010-09-27T17:22:42Z,{'name': 'Shell'},2025-03-14T17:32:24Z
axios/axios,2014-08-18T22:30:27Z,{'name': 'JavaScript'},2025-03-14T16:45:11Z
mrdoob/three.js,2010-03-23T18:58:01Z,{'name': 'JavaScript'},2025-03-14T16:09:19Z
yt-dlp/yt-dlp,2020-10-26T04:22:55Z,{'name': 'Python'},2025-03-14T17:31:00Z
langchain-ai/langchain,2022-10-17T02:58:36Z,{'name': 'Jupyter Notebook'},2025-03-14T17:35:48Z
microsoft/TypeScript,2014-06-17T15:28:39Z,{'name': 'TypeScript'},2025-03-14T17:36:31Z
facebook/create-react-app,2016-07-17T14:55:11Z,{'name': 'JavaScript'},2025-03-14T17:25:28Z
denoland/deno,2018-05-15T01:34:26Z,{'name': 'Rust'},2025-03-14T15:30:17Z
goldbergyoni/nodebestpractices,2017-09-15T08:33:19Z,{'name': 'Dockerfile'},2025-03-14T15:30:59Z
rust-lang/rust,2010-06-16T20:39:03Z,{'name': 'Rust'},2025-03-14T17:03:04Z
521xueweihan/HelloGitHub,2016-05-04T06:24:11Z,{'name': 'Python'},2025-03-14T16:28:40Z
microsoft/terminal,2017-08-11T18:38:22Z,{'name': 'C++'},2025-03-14T16:41:39Z
angular/angular,2014-09-18T16:12:01Z,{'name': 'TypeScript'},2025-03-14T16:01:34Z
godotengine/godot,2014-01-04T16:05:36Z,{'name': 'C++'},2025-03-14T16:34:41Z
mui/material-ui,2014-08-18T19:11:54Z,{'name': 'TypeScript'},2025-03-14T17:32:20Z
excalidraw/excalidraw,2020-01-02T01:04:43Z,{'name': 'TypeScript'},2025-03-14T17:18:07Z
ant-design/ant-design,2015-04-24T15:37:24Z,{'name': 'TypeScript'},2025-03-14T16:53:07Z
ripienaar/free-for-dev,2015-03-18T21:06:26Z,{'name': 'HTML'},2025-03-14T17:33:29Z
ryanmcdermott/clean-code-javascript,2016-11-25T22:25:41Z,{'name': 'JavaScript'},2025-03-14T15:24:52Z
deepseek-ai/DeepSeek-V3,2024-12-26T09:52:40Z,{'name': 'Python'},2025-03-14T17:31:11Z
papers-we-love/papers-we-love,2013-12-15T14:31:41Z,{'name': 'Shell'},2025-03-14T15:58:14Z
fatedier/frp,2015-12-21T15:24:59Z,{'name': 'Go'},2025-03-14T17:30:08Z
iluwatar/java-design-patterns,2014-08-09T16:45:18Z,{'name': 'Java'},2025-03-14T13:07:35Z
iptv-org/iptv,2018-11-14T22:00:57Z,{'name': 'JavaScript'},2025-03-14T15:41:28Z
nvbn/thefuck,2015-04-08T15:08:04Z,{'name': 'Python'},2025-03-14T17:22:02Z
tauri-apps/tauri,2019-07-13T09:09:37Z,{'name': 'Rust'},2025-03-14T17:22:57Z
Hack-with-Github/Awesome-Hacking,2016-03-30T15:47:10Z,,2025-03-14T16:58:44Z
puppeteer/puppeteer,2017-05-09T22:16:13Z,{'name': 'TypeScript'},2025-03-14T15:26:15Z
PanJiaChen/vue-element-admin,2017-04-17T03:35:49Z,{'name': 'Vue'},2025-03-14T14:54:09Z
pytorch/pytorch,2016-08-13T05:26:41Z,{'name': 'Python'},2025-03-14T17:34:00Z
neovim/neovim,2014-01-31T13:39:22Z,{'name': 'Vim Script'},2025-03-14T17:33:44Z
mtdvio/every-programmer-should-know,2017-08-24T13:18:26Z,,2025-03-14T15:53:57Z
tailwindlabs/tailwindcss,2017-10-06T14:59:14Z,{'name': 'TypeScript'},2025-03-14T16:54:54Z
deepseek-ai/DeepSeek-R1,2025-01-20T11:57:28Z,,2025-03-14T16:56:01Z
storybookjs/storybook,2016-03-18T04:23:44Z,{'name': 'TypeScript'},2025-03-14T17:13:01Z
microsoft/Web-Dev-For-Beginners,2020-11-10T02:44:00Z,{'name': 'JavaScript'},2025-03-14T15:14:12Z
rustdesk/rustdesk,2020-09-28T15:36:08Z,{'name': 'Rust'},2025-03-14T16:46:36Z
open-webui/open-webui,2023-10-06T22:08:27Z,{'name': 'JavaScript'},2025-03-14T17:33:58Z
nvm-sh/nvm,2010-04-15T17:47:47Z,{'name': 'Shell'},2025-03-14T17:14:37Z
shadcn-ui/ui,2023-01-04T12:43:27Z,{'name': 'TypeScript'},2025-03-14T17:28:00Z
django/django,2012-04-28T02:47:18Z,{'name': 'Python'},2025-03-14T17:14:02Z
florinpop17/app-ideas,2019-02-25T18:36:56Z,,2025-03-14T17:31:09Z
bitcoin/bitcoin,2010-12-19T15:16:43Z,{'name': 'C++'},2025-03-14T14:32:05Z
langgenius/dify,2023-04-12T07:40:24Z,{'name': 'TypeScript'},2025-03-14T17:36:16Z
fastapi/fastapi,2018-12-08T08:21:47Z,{'name': 'Python'},2025-03-14T17:12:06Z
ChatGPTNextWeb/NextChat,2023-03-10T18:27:54Z,{'name': 'TypeScript'},2025-03-14T17:24:55Z
sveltejs/svelte,2016-11-20T18:13:05Z,{'name': 'JavaScript'},2025-03-14T16:26:18Z
animate-css/animate.css,2011-10-12T10:07:38Z,{'name': 'CSS'},2025-03-14T14:30:32Z
gothinkster/realworld,2016-02-26T20:49:53Z,{'name': 'TypeScript'},2025-03-14T15:02:00Z
opencv/opencv,2012-07-19T09:40:17Z,{'name': 'C++'},2025-03-14T16:56:05Z
jaywcjlove/awesome-mac,2016-07-17T15:33:47Z,{'name': 'JavaScript'},2025-03-14T17:31:17Z
gin-gonic/gin,2014-06-16T23:57:25Z,{'name': 'Go'},2025-03-14T15:32:50Z
laravel/laravel,2011-06-08T03:06:08Z,{'name': 'Blade'},2025-03-14T17:17:06Z
macrozheng/mall,2018-04-04T01:11:44Z,{'name': 'Java'},2025-03-14T16:00:50Z
supabase/supabase,2019-10-12T05:56:49Z,{'name': 'TypeScript'},2025-03-14T17:23:48Z
gohugoio/hugo,2013-07-04T15:26:26Z,{'name': 'Go'},2025-03-14T17:10:22Z
tonsky/FiraCode,2014-11-11T19:32:38Z,{'name': 'Clojure'},2025-03-14T16:54:42Z
openai/whisper,2022-09-16T20:02:54Z,{'name': 'Python'},2025-03-14T17:20:34Z
tensorflow/models,2016-02-05T01:15:20Z,{'name': 'Python'},2025-03-14T14:55:20Z
doocs/advanced-java,2018-10-06T11:38:30Z,{'name': 'Java'},2025-03-14T14:37:54Z
home-assistant/core,2013-09-17T07:29:48Z,{'name': 'Python'},2025-03-14T16:58:09Z
mermaid-js/mermaid,2014-11-01T23:52:32Z,{'name': 'TypeScript'},2025-03-14T16:38:18Z
oven-sh/bun,2021-04-14T00:48:17Z,{'name': 'Zig'},2025-03-14T17:05:52Z
ggml-org/llama.cpp,2023-03-10T18:58:00Z,{'name': 'C++'},2025-03-14T16:55:43Z
2dust/v2rayN,2019-07-30T03:47:24Z,{'name': 'C#'},2025-03-14T17:19:54Z
spring-projects/spring-boot,2012-10-19T15:02:57Z,{'name': 'Java'},2025-03-14T17:12:40Z
3b1b/manim,2015-03-22T18:50:58Z,{'name': 'Python'},2025-03-14T16:50:57Z
MisterBooo/LeetCodeAnimation,2018-12-06T08:01:22Z,{'name': 'Java'},2025-03-14T10:52:18Z
microsoft/generative-ai-for-beginners,2023-06-19T16:28:59Z,{'name': 'Jupyter Notebook'},2025-03-14T16:59:35Z
FortAwesome/Font-Awesome,2012-02-17T14:19:43Z,{'name': 'JavaScript'},2025-03-14T15:10:44Z
typicode/json-server,2013-11-27T13:21:13Z,{'name': 'JavaScript'},2025-03-14T14:32:08Z
netdata/netdata,2013-06-17T18:39:10Z,{'name': 'C'},2025-03-14T17:25:55Z
DopplerHQ/awesome-interview-questions,2015-11-28T09:48:17Z,,2025-03-14T17:22:56Z
nomic-ai/gpt4all,2023-03-27T18:49:32Z,{'name': 'C++'},2025-03-14T17:23:36Z
vuejs/awesome-vue,2015-10-20T00:16:14Z,,2025-03-14T16:51:33Z
MunGell/awesome-for-beginners,2015-10-24T19:53:36Z,,2025-03-14T17:16:49Z
elastic/elasticsearch,2010-02-08T13:20:56Z,{'name': 'Java'},2025-03-14T17:06:02Z
anuraghazra/github-readme-stats,2020-07-09T10:34:22Z,{'name': 'JavaScript'},2025-03-14T17:16:09Z
fighting41love/funNLP,2018-08-21T11:20:39Z,{'name': 'Python'},2025-03-14T16:59:01Z
microsoft/ML-For-Beginners,2021-03-03T01:34:05Z,{'name': 'HTML'},2025-03-14T16:13:37Z
vitejs/vite,2020-04-21T05:03:57Z,{'name': 'TypeScript'},2025-03-14T17:24:04Z
comfyanonymous/ComfyUI,2023-01-17T03:15:56Z,{'name': 'Python'},2025-03-14T17:33:19Z
microsoft/playwright,2019-11-15T18:32:42Z,{'name': 'TypeScript'},2025-03-14T17:00:02Z
coder/code-server,2019-02-27T16:50:41Z,{'name': 'TypeScript'},2025-03-14T17:09:17Z
bregman-arie/devops-exercises,2019-10-03T17:31:21Z,{'name': 'Python'},2025-03-14T17:32:28Z
CompVis/stable-diffusion,2022-08-10T14:36:44Z,{'name': 'Jupyter Notebook'},2025-03-14T11:00:10Z
hoppscotch/hoppscotch,2019-08-21T13:15:24Z,{'name': 'TypeScript'},2025-03-14T17:22:38Z
nestjs/nest,2017-02-04T20:12:52Z,{'name': 'TypeScript'},2025-03-14T16:59:16Z
thedaviddias/Front-End-Checklist,2017-10-16T10:12:36Z,,2025-03-14T15:25:13Z
Anduin2017/HowToCook,2020-02-29T10:43:49Z,{'name': 'Dockerfile'},2025-03-14T16:16:46Z
moby/moby,2013-01-18T18:10:57Z,{'name': 'Go'},2025-03-14T17:34:26Z
ByteByteGoHq/system-design-101,2023-09-18T20:52:03Z,,2025-03-14T16:24:36Z
pallets/flask,2010-04-06T11:11:59Z,{'name': 'Python'},2025-03-14T14:06:05Z
abi/screenshot-to-code,2023-11-14T17:53:32Z,{'name': 'Python'},2025-03-14T16:05:01Z
junegunn/fzf,2013-10-23T16:04:23Z,{'name': 'Go'},2025-03-14T17:16:23Z
base/node,2023-02-01T13:55:02Z,{'name': 'Shell'},2025-03-14T15:08:38Z
hakimel/reveal.js,2011-06-07T18:54:22Z,{'name': 'JavaScript'},2025-03-14T12:28:23Z
redis/redis,2009-03-21T22:32:25Z,{'name': 'C'},2025-03-14T15:40:11Z
Developer-Y/cs-video-courses,2016-10-21T17:02:11Z,,2025-03-14T16:24:41Z
syncthing/syncthing,2013-11-26T09:48:21Z,{'name': 'Go'},2025-03-14T16:46:45Z
swiftlang/swift,2015-10-23T21:15:07Z,{'name': 'C++'},2025-03-14T17:10:32Z
binary-husky/gpt_academic,2023-03-20T09:05:13Z,{'name': 'Python'},2025-03-14T16:21:35Z
n8n-io/n8n,2019-06-22T09:24:21Z,{'name': 'TypeScript'},2025-03-14T17:35:44Z
josephmisiti/awesome-machine-learning,2014-07-15T19:11:19Z,{'name': 'Python'},2025-03-14T17:12:19Z
enaqx/awesome-react,2014-08-06T05:31:44Z,,2025-03-14T17:30:00Z
d2l-ai/d2l-zh,2017-08-23T04:40:24Z,{'name': 'Python'},2025-03-14T16:53:18Z
grafana/grafana,2013-12-11T15:59:56Z,{'name': 'TypeScript'},2025-03-14T17:32:04Z
protocolbuffers/protobuf,2014-08-26T15:52:15Z,{'name': 'C++'},2025-03-14T17:28:55Z
expressjs/express,2009-06-26T18:56:01Z,{'name': 'JavaScript'},2025-03-14T13:49:40Z
sdmg15/Best-websites-a-programmer-should-visit,2017-03-05T20:25:17Z,,2025-03-14T16:23:45Z
louislam/uptime-kuma,2021-07-03T01:02:42Z,{'name': 'JavaScript'},2025-03-14T17:30:00Z
python/cpython,2017-02-10T19:23:51Z,{'name': 'Python'},2025-03-14T17:11:40Z
strapi/strapi,2015-09-30T15:34:48Z,{'name': 'TypeScript'},2025-03-14T17:24:48Z
chartjs/Chart.js,2013-03-17T23:56:36Z,{'name': 'JavaScript'},2025-03-14T12:37:31Z
ventoy/Ventoy,2020-03-10T15:19:19Z,{'name': 'C'},2025-03-14T17:04:06Z
tesseract-ocr/tesseract,2014-08-12T18:04:59Z,{'name': 'C++'},2025-03-14T17:02:40Z
webpack/webpack,2012-03-10T10:08:14Z,{'name': 'JavaScript'},2025-03-14T10:48:56Z
apache/superset,2015-07-21T18:55:34Z,{'name': 'TypeScript'},2025-03-14T17:33:38Z
leonardomso/33-js-concepts,2018-09-04T13:27:04Z,{'name': 'JavaScript'},2025-03-14T15:23:32Z
ansible/ansible,2012-03-06T14:58:02Z,{'name': 'Python'},2025-03-14T15:51:55Z
kdn251/interviews,2017-02-14T18:19:25Z,{'name': 'Java'},2025-03-14T09:00:30Z
swisskyrepo/PayloadsAllTheThings,2016-10-18T07:29:07Z,{'name': 'Python'},2025-03-14T15:16:19Z
ocornut/imgui,2014-07-21T14:29:47Z,{'name': 'C++'},2025-03-14T17:21:23Z
xtekky/gpt4free,2023-03-29T17:00:43Z,{'name': 'Python'},2025-03-14T16:52:50Z
lydiahallie/javascript-questions,2019-06-12T08:26:27Z,,2025-03-14T13:22:44Z
sherlock-project/sherlock,2018-12-24T14:30:48Z,{'name': 'Python'},2025-03-14T17:25:49Z
twitter/the-algorithm,2023-03-27T14:57:57Z,{'name': 'Scala'},2025-03-14T16:19:20Z
obsproject/obs-studio,2013-10-01T02:40:31Z,{'name': 'C'},2025-03-14T17:03:47Z
keras-team/keras,2015-03-28T00:35:42Z,{'name': 'Python'},2025-03-14T16:54:07Z
Eugeny/tabby,2016-12-23T09:06:10Z,{'name': 'TypeScript'},2025-03-14T16:13:17Z
FuelLabs/sway,2021-01-19T20:54:33Z,{'name': 'Rust'},2025-03-14T17:03:49Z
awesomedata/awesome-public-datasets,2014-11-20T06:20:50Z,,2025-03-14T16:39:16Z
fffaraz/awesome-cpp,2014-07-17T08:51:11Z,,2025-03-14T16:02:51Z
resume/resume.github.com,2011-02-06T13:39:55Z,{'name': 'JavaScript'},2025-03-14T17:21:26Z
openai/openai-cookbook,2022-03-11T02:08:53Z,{'name': 'MDX'},2025-03-14T17:33:29Z
caddyserver/caddy,2015-01-13T19:45:03Z,{'name': 'Go'},2025-03-14T16:13:18Z
apache/echarts,2013-04-03T03:18:59Z,{'name': 'TypeScript'},2025-03-14T16:58:05Z
socketio/socket.io,2010-03-11T18:24:48Z,{'name': 'TypeScript'},2025-03-14T16:19:32Z
kelseyhightower/nocode,2018-02-06T23:54:00Z,{'name': 'Dockerfile'},2025-03-14T16:38:44Z
scikit-learn/scikit-learn,2010-08-17T09:43:38Z,{'name': 'Python'},2025-03-14T15:52:52Z
danielmiessler/SecLists,2012-02-19T01:30:18Z,{'name': 'PHP'},2025-03-14T17:26:54Z
AppFlowy-IO/AppFlowy,2021-06-16T12:56:48Z,{'name': 'Dart'},2025-03-14T17:34:48Z
immich-app/immich,2022-02-03T15:56:27Z,{'name': 'TypeScript'},2025-03-14T17:15:43Z
reduxjs/redux,2015-05-29T23:53:15Z,{'name': 'TypeScript'},2025-03-14T11:44:07Z
TheAlgorithms/Java,2016-07-16T10:21:02Z,{'name': 'Java'},2025-03-14T17:27:38Z
PKUFlyingPig/cs-self-learning,2021-10-20T13:43:42Z,{'name': 'HTML'},2025-03-14T17:08:11Z
binhnguyennus/awesome-scalability,2017-12-27T03:46:40Z,,2025-03-14T16:48:35Z
chrislgarry/Apollo-11,2014-04-03T15:45:02Z,{'name': 'Assembly'},2025-03-14T16:30:02Z
atom/atom,2012-01-20T18:18:21Z,{'name': 'JavaScript'},2025-03-14T14:48:19Z
lodash/lodash,2012-04-07T04:11:46Z,{'name': 'JavaScript'},2025-03-14T15:22:24Z
bradtraversy/design-resources-for-developers,2020-05-06T14:40:35Z,,2025-03-14T16:26:39Z
h5bp/Front-end-Developer-Interview-Questions,2012-02-09T23:34:10Z,{'name': 'Nunjucks'},2025-03-14T17:22:38Z
xingshaocheng/architect-awesome,2018-04-06T13:30:58Z,,2025-03-14T16:03:46Z
sindresorhus/awesome-nodejs,2014-07-11T13:35:34Z,,2025-03-14T15:48:03Z
adam-p/markdown-here,2012-05-13T03:27:22Z,{'name': 'JavaScript'},2025-03-14T14:19:15Z
prakhar1989/awesome-courses,2014-11-15T18:36:49Z,,2025-03-14T17:20:35Z
jquery/jquery,2009-04-03T15:20:14Z,{'name': 'JavaScript'},2025-03-14T06:27:52Z
Alvin9999/new-pac,2016-03-23T08:43:36Z,{'name': 'Python'},2025-03-14T17:32:02Z
labmlai/annotated_deep_learning_paper_implementations,2020-08-25T02:29:34Z,{'name': 'Python'},2025-03-14T15:29:24Z
localsend/localsend,2022-12-16T00:46:07Z,{'name': 'Dart'},2025-03-14T16:58:59Z
facebook/docusaurus,2017-06-20T16:13:53Z,{'name': 'TypeScript'},2025-03-14T17:32:25Z
OpenInterpreter/open-interpreter,2023-07-14T07:10:44Z,{'name': 'Python'},2025-03-14T16:30:22Z
angular/angular.js,2010-01-06T00:34:37Z,{'name': 'JavaScript'},2025-03-13T17:16:19Z
shadowsocks/shadowsocks-windows,2013-01-14T07:54:16Z,{'name': 'C#'},2025-03-14T11:40:56Z
nektos/act,2019-01-02T19:53:43Z,{'name': 'Go'},2025-03-14T16:53:20Z
localstack/localstack,2016-10-25T23:48:03Z,{'name': 'Python'},2025-03-14T17:03:54Z
alacritty/alacritty,2016-02-18T05:02:30Z,{'name': 'Rust'},2025-03-14T17:06:44Z
meta-llama/llama,2023-02-14T09:29:12Z,{'name': 'Python'},2025-03-14T17:30:06Z
FuelLabs/fuel-core,2020-08-27T21:12:14Z,{'name': 'Rust'},2025-03-14T15:08:37Z
prometheus/prometheus,2012-11-24T11:14:12Z,{'name': 'Go'},2025-03-14T17:33:19Z
lobehub/lobe-chat,2023-05-21T07:19:12Z,{'name': 'TypeScript'},2025-03-14T17:13:07Z
jesseduffield/lazygit,2018-05-19T00:53:06Z,{'name': 'Go'},2025-03-14T17:18:41Z
spring-projects/spring-framework,2010-12-08T04:04:45Z,{'name': 'Java'},2025-03-14T17:06:42Z
rust-lang/rustlings,2015-09-15T02:25:18Z,{'name': 'Rust'},2025-03-14T17:34:55Z
h5bp/html5-boilerplate,2010-01-24T18:03:24Z,{'name': 'JavaScript'},2025-03-14T14:23:21Z
ryanoasis/nerd-fonts,2014-12-05T04:31:17Z,{'name': 'CSS'},2025-03-14T15:34:42Z
rails/rails,2008-04-11T02:19:47Z,{'name': 'Ruby'},2025-03-14T16:02:36Z
nuxt/nuxt,2016-10-26T11:18:47Z,{'name': 'TypeScript'},2025-03-14T17:12:31Z
gatsbyjs/gatsby,2015-05-21T22:43:05Z,{'name': 'JavaScript'},2025-03-14T16:22:30Z
scutan90/DeepLearning-500-questions,2018-06-27T06:36:45Z,{'name': 'JavaScript'},2025-03-14T15:40:09Z
zed-industries/zed,2021-02-20T03:01:06Z,{'name': 'Rust'},2025-03-14T17:36:01Z
zylon-ai/private-gpt,2023-05-02T09:15:31Z,{'name': 'Python'},2025-03-14T17:09:18Z
NationalSecurityAgency/ghidra,2019-03-01T03:27:48Z,{'name': 'Java'},2025-03-14T17:04:11Z
soimort/you-get,2012-08-20T15:53:36Z,{'name': 'Python'},2025-03-14T16:53:56Z
azl397985856/leetcode,2018-03-30T09:13:51Z,{'name': 'JavaScript'},2025-03-14T09:06:00Z
Solido/awesome-flutter,2017-05-07T11:45:27Z,{'name': 'Dart'},2025-03-14T15:23:33Z
youngyangyang04/leetcode-master,2019-12-14T12:05:42Z,{'name': 'Shell'},2025-03-14T15:49:50Z
scrapy/scrapy,2010-02-22T02:01:14Z,{'name': 'Python'},2025-03-14T15:23:02Z
PlexPt/awesome-chatgpt-prompts-zh,2022-12-12T01:55:03Z,,2025-03-14T15:19:32Z
ageitgey/face_recognition,2017-03-03T21:52:39Z,{'name': 'Python'},2025-03-14T14:55:27Z
remix-run/react-router,2014-05-16T22:22:51Z,{'name': 'TypeScript'},2025-03-14T16:31:15Z
ElemeFE/element,2016-09-03T06:19:26Z,{'name': 'Vue'},2025-03-14T16:37:33Z
tldr-pages/tldr,2013-12-08T07:34:43Z,{'name': 'Markdown'},2025-03-14T17:24:44Z
dair-ai/Prompt-Engineering-Guide,2022-12-16T16:04:50Z,{'name': 'MDX'},2025-03-14T16:50:49Z
Stirling-Tools/Stirling-PDF,2023-01-27T18:22:42Z,{'name': 'Java'},2025-03-14T17:30:07Z
git/git,2008-07-23T14:21:26Z,{'name': 'C'},2025-03-14T16:58:59Z
CorentinJ/Real-Time-Voice-Cloning,2019-05-26T08:56:15Z,{'name': 'Python'},2025-03-14T16:21:27Z
traefik/traefik,2015-09-13T19:04:02Z,{'name': 'Go'},2025-03-14T16:19:18Z
lencx/ChatGPT,2022-12-07T09:43:02Z,{'name': 'Rust'},2025-03-14T17:17:29Z
deepfakes/faceswap,2017-12-19T09:44:13Z,{'name': 'Python'},2025-03-14T14:55:32Z
AntonOsika/gpt-engineer,2023-04-29T12:52:15Z,{'name': 'Python'},2025-03-14T17:36:36Z
ruanyf/weekly,2018-10-13T12:36:07Z,,2025-03-14T17:05:38Z
jgraph/drawio-desktop,2017-05-25T20:58:42Z,{'name': 'JavaScript'},2025-03-14T16:37:28Z
nocodb/nocodb,2017-10-29T18:51:48Z,{'name': 'TypeScript'},2025-03-14T17:22:15Z
ultralytics/yolov5,2020-05-18T03:45:11Z,{'name': 'Python'},2025-03-14T17:20:53Z
commaai/openpilot,2016-11-24T01:33:30Z,{'name': 'Python'},2025-03-14T14:02:38Z
necolas/normalize.css,2011-05-04T10:20:25Z,{'name': 'CSS'},2025-03-14T06:59:00Z
FiloSottile/mkcert,2018-06-25T05:33:03Z,{'name': 'Go'},2025-03-14T17:24:53Z
psf/requests,2011-02-13T18:38:17Z,{'name': 'Python'},2025-03-14T16:36:36Z
geekan/MetaGPT,2023-06-30T09:04:55Z,{'name': 'Python'},2025-03-14T17:15:39Z
Z4nzu/hackingtool,2020-04-11T09:21:31Z,{'name': 'Python'},2025-03-14T14:55:53Z
wasabeef/awesome-android-ui,2014-12-24T01:45:03Z,,2025-03-14T16:26:05Z
sharkdp/bat,2018-04-21T10:52:23Z,{'name': 'Rust'},2025-03-14T14:47:21Z
gorhill/uBlock,2015-04-01T17:51:11Z,{'name': 'JavaScript'},2025-03-14T17:04:27Z
ionic-team/ionic-framework,2013-08-20T23:06:02Z,{'name': 'TypeScript'},2025-03-14T17:05:01Z
langflow-ai/langflow,2023-02-08T22:28:03Z,{'name': 'Python'},2025-03-14T17:33:42Z
topjohnwu/Magisk,2016-09-08T12:42:53Z,{'name': 'C++'},2025-03-14T16:11:47Z
golang-standards/project-layout,2017-09-09T16:33:26Z,{'name': 'Makefile'},2025-03-14T17:35:22Z
google/material-design-icons,2014-10-08T18:01:28Z,,2025-03-14T16:47:34Z
Textualize/rich,2019-11-10T15:28:09Z,{'name': 'Python'},2025-03-14T17:26:14Z
Semantic-Org/Semantic-UI,2013-04-08T23:32:04Z,{'name': 'JavaScript'},2025-03-14T05:58:38Z
BurntSushi/ripgrep,2016-03-11T02:02:33Z,{'name': 'Rust'},2025-03-14T15:22:10Z
juliangarnier/anime,2016-03-13T21:37:45Z,{'name': 'JavaScript'},2025-03-14T14:32:12Z
pi-hole/pi-hole,2014-06-08T15:02:55Z,{'name': 'Shell'},2025-03-14T16:11:10Z
pmndrs/zustand,2019-04-09T09:10:06Z,{'name': 'TypeScript'},2025-03-14T12:57:24Z
minio/minio,2015-01-14T19:23:58Z,{'name': 'Go'},2025-03-14T17:06:06Z
clash-verge-rev/clash-verge-rev,2023-11-21T18:24:03Z,{'name': 'TypeScript'},2025-03-14T17:34:35Z
google/guava,2014-05-29T16:23:17Z,{'name': 'Java'},2025-03-14T14:26:43Z
All-Hands-AI/OpenHands,2024-03-13T03:33:31Z,{'name': 'Python'},2025-03-14T17:35:51Z
xai-org/grok-1,2024-03-17T08:53:38Z,{'name': 'Python'},2025-03-14T17:24:13Z
JetBrains/kotlin,2012-02-13T17:29:58Z,{'name': 'Kotlin'},2025-03-14T17:29:56Z
prettier/prettier,2016-11-29T17:13:37Z,{'name': 'JavaScript'},2025-03-14T16:20:27Z
mozilla/pdf.js,2011-04-26T06:32:03Z,{'name': 'JavaScript'},2025-03-14T15:28:50Z
sickcodes/Docker-OSX,2020-06-04T11:01:37Z,{'name': 'Shell'},2025-03-14T16:38:38Z
tiimgreen/github-cheat-sheet,2014-04-12T16:38:42Z,,2025-03-14T15:46:56Z
wagoodman/dive,2018-05-13T15:44:01Z,{'name': 'Go'},2025-03-14T17:18:11Z
meilisearch/meilisearch,2018-04-23T11:45:28Z,{'name': 'Rust'},2025-03-14T14:55:35Z
jekyll/jekyll,2008-10-20T06:29:03Z,{'name': 'Ruby'},2025-03-14T12:53:48Z
withastro/astro,2021-03-15T17:19:47Z,{'name': 'TypeScript'},2025-03-14T17:09:14Z
jgthms/bulma,2016-01-23T23:48:34Z,{'name': 'CSS'},2025-03-14T15:01:09Z
DefinitelyTyped/DefinitelyTyped,2012-10-05T16:39:45Z,{'name': 'TypeScript'},2025-03-14T14:44:00Z
rclone/rclone,2014-03-16T16:19:57Z,{'name': 'Go'},2025-03-14T17:28:37Z
facebookresearch/segment-anything,2023-03-23T17:03:03Z,{'name': 'Jupyter Notebook'},2025-03-14T16:49:53Z
rust-unofficial/awesome-rust,2014-07-17T10:45:10Z,{'name': 'Rust'},2025-03-14T16:35:52Z
vuejs/core,2018-06-12T13:49:36Z,{'name': 'TypeScript'},2025-03-14T16:05:47Z
ngosang/trackerslist,2016-04-24T11:57:57Z,,2025-03-14T16:44:36Z
marktext/marktext,2017-11-12T16:05:25Z,{'name': 'JavaScript'},2025-03-14T16:21:26Z
chinese-poetry/chinese-poetry,2016-09-02T03:32:25Z,{'name': 'JavaScript'},2025-03-14T14:00:03Z
TryGhost/Ghost,2013-05-04T11:09:13Z,{'name': 'JavaScript'},2025-03-14T17:15:13Z
etcd-io/etcd,2013-07-06T21:57:21Z,{'name': 'Go'},2025-03-14T17:30:09Z
ethereum/go-ethereum,2013-12-26T13:05:46Z,{'name': 'Go'},2025-03-14T17:26:07Z
vsouza/awesome-ios,2014-07-10T16:03:45Z,{'name': 'Swift'},2025-03-14T16:43:16Z
cypress-io/cypress,2015-03-04T00:46:28Z,{'name': 'TypeScript'},2025-03-14T15:21:58Z
FFmpeg/FFmpeg,2011-04-14T14:12:38Z,{'name': 'C'},2025-03-14T17:29:43Z
romkatv/powerlevel10k,2019-02-24T19:09:45Z,{'name': 'Shell'},2025-03-14T17:09:05Z
laurent22/joplin,2017-01-16T21:49:41Z,{'name': 'TypeScript'},2025-03-14T17:00:33Z
moment/moment,2011-03-01T02:46:06Z,{'name': 'JavaScript'},2025-03-14T09:17:02Z
NARKOZ/hacker-scripts,2015-11-21T19:05:09Z,{'name': 'JavaScript'},2025-03-14T15:10:08Z
ReactiveX/RxJava,2013-01-08T20:11:48Z,{'name': 'Java'},2025-03-14T07:18:18Z
mlabonne/llm-course,2023-06-17T22:16:25Z,{'name': 'Jupyter Notebook'},2025-03-14T17:28:45Z
mastodon/mastodon,2016-02-22T15:01:25Z,{'name': 'Ruby'},2025-03-14T15:34:55Z
poteto/hiring-without-whiteboards,2017-03-15T05:09:01Z,{'name': 'JavaScript'},2025-03-14T17:17:26Z
appwrite/appwrite,2019-04-08T16:36:25Z,{'name': 'TypeScript'},2025-03-14T15:36:01Z
go-gitea/gitea,2016-11-01T02:13:26Z,{'name': 'Go'},2025-03-14T17:35:46Z
starship/starship,2019-04-02T03:23:12Z,{'name': 'Rust'},2025-03-14T17:03:32Z
iamkun/dayjs,2018-04-10T09:26:44Z,{'name': 'JavaScript'},2025-03-14T15:52:34Z
charlax/professional-programming,2015-11-07T05:07:52Z,{'name': 'Python'},2025-03-14T17:25:28Z
WerWolv/ImHex,2020-11-10T14:27:00Z,{'name': 'C++'},2025-03-14T17:04:09Z
firstcontributions/first-contributions,2016-09-20T14:35:09Z,,2025-03-14T17:29:52Z
PaddlePaddle/PaddleOCR,2020-05-08T10:38:16Z,{'name': 'Python'},2025-03-14T17:14:17Z
algorithm-visualizer/algorithm-visualizer,2016-05-15T00:27:45Z,{'name': 'JavaScript'},2025-03-14T14:55:22Z
minimaxir/big-list-of-naughty-strings,2015-08-08T20:57:20Z,{'name': 'Python'},2025-03-14T17:08:48Z
justjavac/awesome-wechat-weapp,2016-09-22T20:04:48Z,,2025-03-14T17:25:49Z
AlistGo/alist,2020-12-23T17:40:29Z,{'name': 'Go'},2025-03-14T17:28:36Z
agalwood/Motrix,2018-12-18T11:45:05Z,{'name': 'JavaScript'},2025-03-14T15:01:43Z
PowerShell/PowerShell,2016-01-13T23:41:35Z,{'name': 'C#'},2025-03-14T15:35:05Z
toeverything/AFFiNE,2022-07-31T18:45:21Z,{'name': 'TypeScript'},2025-03-14T16:57:32Z
Avik-Jain/100-Days-Of-ML-Code,2018-07-05T09:11:43Z,,2025-03-14T16:38:08Z
serverless/serverless,2015-04-21T03:48:40Z,{'name': 'JavaScript'},2025-03-13T23:58:58Z
JuliaLang/julia,2011-04-21T07:01:50Z,{'name': 'Julia'},2025-03-14T16:50:26Z
square/okhttp,2012-07-23T13:42:55Z,{'name': 'Kotlin'},2025-03-14T17:12:33Z
kamranahmedse/design-patterns-for-humans,2017-02-16T21:24:39Z,,2025-03-14T14:35:34Z
typescript-cheatsheets/react,2018-06-02T04:08:16Z,{'name': 'JavaScript'},2025-03-14T14:55:36Z
ziishaned/learn-regex,2017-07-22T12:21:03Z,,2025-03-14T13:54:06Z
karan/Projects,2013-07-04T13:37:27Z,,2025-03-14T15:26:31Z
v2ray/v2ray-core,2015-09-04T11:42:53Z,{'name': 'Go'},2025-03-14T11:44:43Z
x64dbg/x64dbg,2015-04-11T20:48:23Z,{'name': 'C++'},2025-03-14T12:54:05Z
gogs/gogs,2014-02-12T01:57:08Z,{'name': 'Go'},2025-03-14T16:51:08Z
unionlabs/union,2023-05-16T22:33:39Z,{'name': 'Rust'},2025-03-14T17:37:14Z
huginn/huginn,2013-03-10T06:00:31Z,{'name': 'Ruby'},2025-03-14T14:57:30Z
Asabeneh/30-Days-Of-Python,2019-11-19T17:24:16Z,{'name': 'Python'},2025-03-14T16:35:03Z
slab/quill,2012-07-30T23:23:18Z,{'name': 'TypeScript'},2025-03-14T16:19:56Z
android/architecture-samples,2016-02-05T13:42:07Z,{'name': 'Kotlin'},2025-03-14T15:12:26Z
pandas-dev/pandas,2010-08-24T01:37:33Z,{'name': 'Python'},2025-03-14T15:03:17Z
nlohmann/json,2013-07-04T08:47:49Z,{'name': 'C++'},2025-03-14T17:15:19Z
hashicorp/terraform,2014-03-13T22:25:48Z,{'name': 'Go'},2025-03-14T17:03:48Z
type-challenges/type-challenges,2020-07-23T14:33:11Z,{'name': 'TypeScript'},2025-03-14T16:35:55Z
pixijs/pixijs,2013-01-21T22:40:50Z,{'name': 'TypeScript'},2025-03-14T16:59:22Z
infiniflow/ragflow,2023-12-12T06:13:13Z,{'name': 'TypeScript'},2025-03-14T16:20:15Z
hacksider/Deep-Live-Cam,2023-09-24T13:19:31Z,{'name': 'Python'},2025-03-14T16:43:15Z
jestjs/jest,2013-12-10T00:18:04Z,{'name': 'TypeScript'},2025-03-14T16:24:00Z
meteor/meteor,2012-01-19T01:58:17Z,{'name': 'JavaScript'},2025-03-14T16:38:06Z
pocketbase/pocketbase,2022-07-05T06:06:21Z,{'name': 'Go'},2025-03-14T17:32:39Z
ColorlibHQ/AdminLTE,2013-12-25T02:52:40Z,{'name': 'Astro'},2025-03-14T16:33:51Z
dkhamsing/open-source-ios-apps,2015-01-26T23:32:34Z,,2025-03-14T15:47:14Z
TanStack/query,2019-09-10T19:23:58Z,{'name': 'TypeScript'},2025-03-14T16:57:01Z
hiyouga/LLaMA-Factory,2023-05-28T10:09:12Z,{'name': 'Python'},2025-03-14T17:20:17Z
jakevdp/PythonDataScienceHandbook,2016-08-10T14:24:36Z,{'name': 'Jupyter Notebook'},2025-03-14T17:35:31Z
Asabeneh/30-Days-Of-JavaScript,2019-12-23T14:07:40Z,{'name': 'JavaScript'},2025-03-14T16:14:37Z
astral-sh/uv,2023-10-02T20:24:11Z,{'name': 'Rust'},2025-03-14T17:34:43Z
bigskysoftware/htmx,2020-04-13T16:17:51Z,{'name': 'JavaScript'},2025-03-14T16:43:44Z
FuelLabs/fuels-ts,2021-09-03T18:11:03Z,{'name': 'TypeScript'},2025-03-14T15:08:34Z
FuelLabs/fuels-rs,2021-10-31T22:33:54Z,{'name': 'Rust'},2025-03-14T15:08:36Z
browser-use/browser-use,2024-10-31T16:00:56Z,{'name': 'Python'},2025-03-14T17:32:11Z
brillout/awesome-react-components,2016-06-24T15:19:33Z,,2025-03-14T16:19:59Z
vercel/hyper,2016-07-01T06:01:21Z,{'name': 'TypeScript'},2025-03-14T13:05:53Z
lllyasviel/Fooocus,2023-08-09T18:43:40Z,{'name': 'Python'},2025-03-14T15:25:31Z
google/zx,2021-05-05T05:50:01Z,{'name': 'JavaScript'},2025-03-14T14:28:24Z
parcel-bundler/parcel,2017-08-07T16:36:47Z,{'name': 'JavaScript'},2025-03-14T17:33:30Z
aymericdamien/TensorFlow-Examples,2015-11-11T14:21:19Z,{'name': 'Jupyter Notebook'},2025-03-14T15:12:29Z
astaxie/build-web-application-with-golang,2012-08-02T11:49:35Z,{'name': 'Go'},2025-03-14T14:59:32Z
discourse/discourse,2013-01-12T00:25:55Z,{'name': 'Ruby'},2025-03-14T16:31:39Z
babel/babel,2014-09-28T13:38:23Z,{'name': 'TypeScript'},2025-03-14T16:22:45Z
isocpp/CppCoreGuidelines,2015-08-19T20:22:52Z,{'name': 'CSS'},2025-03-14T14:01:17Z
dypsilon/frontend-dev-bookmarks,2013-06-22T13:23:55Z,,2025-03-14T16:48:30Z
square/retrofit,2010-09-06T21:39:43Z,{'name': 'HTML'},2025-03-14T16:38:58Z
serhii-londar/open-source-mac-os-apps,2017-11-03T02:35:33Z,,2025-03-14T17:20:02Z
skylot/jadx,2013-03-18T17:08:21Z,{'name': 'Java'},2025-03-14T16:13:37Z
akullpp/awesome-java,2014-07-09T10:12:43Z,,2025-03-14T14:57:13Z
kelseyhightower/kubernetes-the-hard-way,2016-07-07T14:15:27Z,,2025-03-14T17:27:50Z
jesseduffield/lazydocker,2019-05-18T08:53:50Z,{'name': 'Go'},2025-03-14T17:13:31Z
oobabooga/text-generation-webui,2022-12-21T04:17:37Z,{'name': 'Python'},2025-03-14T16:45:22Z
Homebrew/brew,2016-03-06T05:08:38Z,{'name': 'Ruby'},2025-03-14T17:25:36Z
lyswhut/lx-music-desktop,2019-08-14T14:31:08Z,{'name': 'TypeScript'},2025-03-14T16:39:22Z
streamich/react-use,2018-10-27T10:16:05Z,{'name': 'TypeScript'},2025-03-14T14:34:10Z
grpc/grpc,2014-12-08T18:58:53Z,{'name': 'C++'},2025-03-14T15:40:22Z
react-hook-form/react-hook-form,2019-03-05T23:47:10Z,{'name': 'TypeScript'},2025-03-14T12:06:39Z
dani-garcia/vaultwarden,2018-02-17T22:40:20Z,{'name': 'Rust'},2025-03-14T17:01:29Z
yangshun/front-end-interview-handbook,2018-01-13T19:40:08Z,{'name': 'MDX'},2025-03-14T14:55:54Z
RVC-Boss/GPT-SoVITS,2024-01-14T18:05:21Z,{'name': 'Python'},2025-03-14T16:21:38Z
dbeaver/dbeaver,2015-10-21T08:26:28Z,{'name': 'Java'},2025-03-14T15:50:43Z
Leaflet/Leaflet,2010-09-22T16:57:44Z,{'name': 'JavaScript'},2025-03-14T10:10:43Z
RocketChat/Rocket.Chat,2015-05-19T07:36:09Z,{'name': 'TypeScript'},2025-03-14T15:58:10Z
maybe-finance/maybe,2024-01-01T22:23:46Z,{'name': 'Ruby'},2025-03-14T17:17:19Z
k88hudson/git-flight-rules,2014-07-22T20:35:09Z,,2025-03-14T13:35:36Z
Unitech/pm2,2013-05-21T03:25:25Z,{'name': 'JavaScript'},2025-03-14T17:06:39Z
rasbt/LLMs-from-scratch,2023-07-23T18:15:57Z,{'name': 'Jupyter Notebook'},2025-03-14T17:18:51Z
LeCoupa/awesome-cheatsheets,2017-11-09T02:47:15Z,{'name': 'JavaScript'},2025-03-14T13:37:12Z
jeecgboot/JeecgBoot,2018-11-26T10:40:00Z,{'name': 'Java'},2025-03-14T15:35:09Z
DovAmir/awesome-design-patterns,2018-06-04T17:47:48Z,,2025-03-14T16:36:04Z
Alamofire/Alamofire,2014-07-31T05:56:19Z,{'name': 'Swift'},2025-03-14T16:36:04Z
microsoft/monaco-editor,2016-06-07T16:56:31Z,{'name': 'JavaScript'},2025-03-14T15:37:22Z
GitSquared/edex-ui,2017-01-28T09:35:02Z,{'name': 'JavaScript'},2025-03-14T17:36:30Z
acmesh-official/acme.sh,2015-12-26T12:56:33Z,{'name': 'Shell'},2025-03-14T16:34:39Z
prisma/prisma,2019-06-20T13:33:47Z,{'name': 'TypeScript'},2025-03-14T16:55:40Z
yarnpkg/yarn,2016-01-19T17:39:16Z,{'name': 'JavaScript'},2025-03-14T12:11:06Z
vllm-project/vllm,2023-02-09T11:23:20Z,{'name': 'Python'},2025-03-14T17:31:14Z
microsoft/autogen,2023-08-18T11:43:45Z,{'name': 'Python'},2025-03-14T17:15:26Z
sudheerj/reactjs-interview-questions,2018-05-31T17:17:01Z,{'name': 'JavaScript'},2025-03-14T17:36:22Z
alex/what-happens-when,2013-11-07T04:30:06Z,,2025-03-14T17:32:07Z
odoo/odoo,2014-05-13T15:38:58Z,{'name': 'Python'},2025-03-14T17:03:42Z
pyenv/pyenv,2012-08-31T06:57:52Z,{'name': 'Roff'},2025-03-14T17:33:29Z
metabase/metabase,2015-02-02T19:25:47Z,{'name': 'Clojure'},2025-03-14T16:57:15Z
DigitalPlatDev/FreeDomain,2024-05-30T13:23:00Z,{'name': 'HTML'},2025-03-14T15:49:34Z
faif/python-patterns,2012-06-06T21:02:35Z,{'name': 'Python'},2025-03-14T17:12:44Z
bailicangdu/vue2-elm,2016-12-23T01:49:20Z,{'name': 'Vue'},2025-03-14T14:54:09Z
THUDM/ChatGLM-6B,2023-03-13T12:00:18Z,{'name': 'Python'},2025-03-14T14:55:45Z
Mintplex-Labs/anything-llm,2023-06-04T02:29:14Z,{'name': 'JavaScript'},2025-03-14T17:37:04Z
apache/dubbo,2012-06-19T07:56:02Z,{'name': 'Java'},2025-03-14T13:37:26Z
apache/spark,2014-02-25T08:00:08Z,{'name': 'Scala'},2025-03-14T17:34:30Z
styled-components/styled-components,2016-08-16T06:41:32Z,{'name': 'TypeScript'},2025-03-14T11:14:00Z
nolimits4web/swiper,2012-03-14T19:11:45Z,{'name': 'JavaScript'},2025-03-14T14:24:05Z
hpcaitech/ColossalAI,2021-10-28T16:19:44Z,{'name': 'Python'},2025-03-14T16:50:49Z
nwjs/nw.js,2012-01-04T06:21:10Z,{'name': 'JavaScript'},2025-03-14T14:13:42Z
dcloudio/uni-app,2018-07-12T08:52:39Z,{'name': 'JavaScript'},2025-03-14T13:04:19Z
Light-City/CPlusPlusThings,2019-07-14T08:45:45Z,{'name': 'C++'},2025-03-14T16:21:09Z
Stability-AI/stablediffusion,2022-11-23T23:59:50Z,{'name': 'Python'},2025-03-14T17:30:44Z
mingrammer/diagrams,2020-02-02T15:23:24Z,{'name': 'Python'},2025-03-14T16:23:14Z
Kong/kong,2014-11-17T23:56:08Z,{'name': 'Lua'},2025-03-14T16:04:38Z
apachecn/ailearning,2017-02-25T08:53:02Z,{'name': 'Python'},2025-03-14T17:30:24Z
vuetifyjs/vuetify,2016-09-12T00:39:35Z,{'name': 'TypeScript'},2025-03-14T15:13:28Z
getsentry/sentry,2010-08-30T22:06:41Z,{'name': 'Python'},2025-03-14T17:29:19Z
hexojs/hexo,2012-09-23T15:17:08Z,{'name': 'TypeScript'},2025-03-14T12:42:11Z
microsoft/markitdown,2024-11-13T19:56:40Z,{'name': 'Python'},2025-03-14T17:23:49Z
karpathy/nanoGPT,2022-12-28T00:51:12Z,{'name': 'Python'},2025-03-14T15:21:23Z
coreybutler/nvm-windows,2014-09-20T16:37:28Z,{'name': 'Go'},2025-03-14T17:14:39Z
run-llama/llama_index,2022-11-02T04:24:54Z,{'name': 'Python'},2025-03-14T17:26:47Z
fastlane/fastlane,2014-12-02T17:00:38Z,{'name': 'Ruby'},2025-03-14T16:21:02Z
psf/black,2018-03-14T19:54:45Z,{'name': 'Python'},2025-03-14T14:55:34Z
spf13/cobra,2013-09-03T20:40:26Z,{'name': 'Go'},2025-03-14T16:03:00Z
termux/termux-app,2015-10-23T09:42:46Z,{'name': 'Java'},2025-03-14T16:50:40Z
iina/iina,2016-12-19T07:18:45Z,{'name': 'Swift'},2025-03-14T17:11:12Z
ClickHouse/ClickHouse,2016-06-02T08:28:18Z,{'name': 'C++'},2025-03-14T17:28:00Z
bannedbook/fanqiang,2015-01-14T00:34:25Z,{'name': 'Kotlin'},2025-03-14T14:23:53Z
apache/airflow,2015-04-13T18:04:58Z,{'name': 'Python'},2025-03-14T17:16:16Z
tldraw/tldraw,2021-05-09T11:48:37Z,{'name': 'TypeScript'},2025-03-14T16:11:24Z
2dust/v2rayNG,2019-05-15T02:15:31Z,{'name': 'Kotlin'},2025-03-14T15:42:14Z
chubin/cheat.sh,2017-05-07T21:40:56Z,{'name': 'Python'},2025-03-14T17:03:57Z
Dogfalo/materialize,2014-09-12T19:35:38Z,{'name': 'JavaScript'},2025-03-14T16:28:18Z
tabler/tabler,2018-02-01T09:08:59Z,{'name': 'MDX'},2025-03-14T16:42:59Z
floodsung/Deep-Learning-Papers-Reading-Roadmap,2016-10-14T11:49:48Z,{'name': 'Python'},2025-03-14T11:04:06Z
google-research/bert,2018-10-25T22:57:34Z,{'name': 'Python'},2025-03-14T16:50:13Z
php/php-src,2011-06-16T01:52:25Z,{'name': 'C'},2025-03-14T17:28:52Z
1c7/chinese-independent-developer,2017-09-21T11:08:23Z,,2025-03-14T16:21:26Z
chakra-ui/chakra-ui,2019-08-17T14:27:54Z,{'name': 'TypeScript'},2025-03-14T16:27:27Z
evanw/esbuild,2016-06-14T16:08:50Z,{'name': 'Go'},2025-03-14T16:33:19Z
wg/wrk,2012-03-20T11:12:28Z,{'name': 'C'},2025-03-14T16:00:03Z
cli/cli,2019-10-03T15:24:53Z,{'name': 'Go'},2025-03-14T13:06:34Z
videojs/video.js,2010-05-14T18:45:10Z,{'name': 'JavaScript'},2025-03-14T10:43:18Z
bradtraversy/50projects50days,2020-11-16T14:39:01Z,{'name': 'CSS'},2025-03-14T15:43:01Z
ggerganov/whisper.cpp,2022-09-25T18:26:37Z,{'name': 'C++'},2025-03-14T17:20:24Z
bevyengine/bevy,2020-01-18T21:13:55Z,{'name': 'Rust'},2025-03-14T15:48:09Z
coqui-ai/TTS,2020-05-20T15:45:28Z,{'name': 'Python'},2025-03-14T17:31:11Z
coollabsio/coolify,2021-01-25T20:54:01Z,{'name': 'PHP'},2025-03-14T16:59:37Z
typst/typst,2019-09-24T21:41:56Z,{'name': 'Rust'},2025-03-14T17:33:12Z
mitmproxy/mitmproxy,2010-02-16T04:10:13Z,{'name': 'Python'},2025-03-14T07:20:20Z
GokuMohandas/Made-With-ML,2018-11-05T03:44:27Z,{'name': 'Jupyter Notebook'},2025-03-14T14:55:40Z
expo/expo,2016-08-15T17:14:25Z,{'name': 'TypeScript'},2025-03-14T17:31:29Z
streamlit/streamlit,2019-08-24T00:14:52Z,{'name': 'Python'},2025-03-14T17:31:47Z
usememos/memos,2021-12-08T15:30:18Z,{'name': 'Go'},2025-03-14T16:28:41Z
lm-sys/FastChat,2023-03-19T00:18:02Z,{'name': 'Python'},2025-03-14T17:13:28Z
KRTirtho/spotube,2021-02-14T03:17:58Z,{'name': 'Dart'},2025-03-14T17:25:56Z
pingcap/tidb,2015-09-06T04:01:52Z,{'name': 'Go'},2025-03-14T16:13:22Z
byoungd/English-level-up-tips,2017-05-30T07:18:52Z,{'name': 'HTML'},2025-03-14T14:54:09Z
LC044/WeChatMsg,2023-01-11T05:03:49Z,{'name': 'Python'},2025-03-14T15:42:45Z
QSCTech/zju-icicles,2016-06-28T16:17:32Z,{'name': 'HTML'},2025-03-14T13:18:31Z
NaiboWang/EasySpider,2020-07-18T02:41:27Z,{'name': 'JavaScript'},2025-03-14T15:59:57Z
ziglang/zig,2015-08-06T00:51:28Z,{'name': 'Zig'},2025-03-14T14:35:47Z
google/styleguide,2015-05-20T19:18:59Z,{'name': 'HTML'},2025-03-14T16:56:07Z
ultralytics/ultralytics,2022-09-11T16:39:45Z,{'name': 'Python'},2025-03-14T17:22:39Z
zhongyang219/TrafficMonitor,2017-07-30T02:51:17Z,{'name': 'C++'},2025-03-14T15:59:54Z
docker/awesome-compose,2020-02-13T08:51:42Z,{'name': 'HTML'},2025-03-14T17:35:43Z
PhilJay/MPAndroidChart,2014-04-25T14:29:47Z,{'name': 'Java'},2025-03-14T04:43:13Z
jellyfin/jellyfin,2018-12-09T06:36:45Z,{'name': 'C#'},2025-03-14T17:30:42Z
impress/impress.js,2011-12-28T22:23:19Z,{'name': 'JavaScript'},2025-03-14T09:16:08Z
go-gorm/gorm,2013-10-25T08:31:38Z,{'name': 'Go'},2025-03-14T15:50:59Z
vim/vim,2015-08-18T21:03:56Z,{'name': 'Vim Script'},2025-03-14T15:40:51Z
phaserjs/phaser,2013-04-12T12:27:51Z,{'name': 'JavaScript'},2025-03-14T14:17:31Z
QuivrHQ/quivr,2023-05-12T23:53:30Z,{'name': 'Python'},2025-03-14T15:10:10Z
deepspeedai/DeepSpeed,2020-01-23T18:35:18Z,{'name': 'Python'},2025-03-14T16:55:40Z
freefq/free,2020-06-07T02:48:33Z,,2025-03-14T14:15:35Z
google/leveldb,2014-08-27T21:17:52Z,{'name': 'C++'},2025-03-14T17:03:27Z
LAION-AI/Open-Assistant,2022-12-13T05:24:17Z,{'name': 'Python'},2025-03-14T15:20:31Z
preactjs/preact,2015-09-11T02:40:18Z,{'name': 'JavaScript'},2025-03-14T16:19:14Z
freqtrade/freqtrade,2017-05-17T23:48:53Z,{'name': 'Python'},2025-03-14T17:31:18Z
AykutSarac/jsoncrack.com,2022-01-30T15:25:18Z,{'name': 'TypeScript'},2025-03-14T17:04:11Z
suno-ai/bark,2023-04-07T19:34:48Z,{'name': 'Jupyter Notebook'},2025-03-14T16:21:35Z
curl/curl,2010-03-18T22:32:22Z,{'name': 'C'},2025-03-14T17:25:14Z
FreeCodeCampChina/freecodecamp.cn,2016-09-30T03:13:43Z,{'name': 'CSS'},2025-03-14T16:03:20Z
lukasz-madon/awesome-remote-job,2015-01-02T00:31:34Z,,2025-03-14T16:10:34Z
eugenp/tutorials,2013-04-29T18:26:36Z,{'name': 'Java'},2025-03-14T17:24:18Z
koalaman/shellcheck,2012-11-17T03:15:11Z,{'name': 'Haskell'},2025-03-14T17:10:26Z
aria2/aria2,2010-11-27T09:41:48Z,{'name': 'C++'},2025-03-14T14:57:31Z
gto76/python-cheatsheet,2018-01-25T04:16:53Z,{'name': 'Python'},2025-03-14T15:53:10Z
ant-design/ant-design-pro,2017-08-25T10:40:44Z,{'name': 'TypeScript'},2025-03-14T16:21:50Z
penpot/penpot,2015-12-29T22:09:07Z,{'name': 'Clojure'},2025-03-14T17:02:53Z
dylanaraps/pure-bash-bible,2018-06-13T01:39:33Z,{'name': 'Shell'},2025-03-14T14:19:28Z
0voice/interview_internal_reference,2019-06-10T06:54:19Z,{'name': 'Python'},2025-03-14T15:24:51Z
gradio-app/gradio,2018-12-19T08:24:04Z,{'name': 'Python'},2025-03-14T15:25:55Z
tmux/tmux,2015-06-03T23:32:55Z,{'name': 'C'},2025-03-14T16:38:52Z
OpenBB-finance/OpenBB,2020-12-20T10:46:38Z,{'name': 'Python'},2025-03-14T17:33:15Z
tw93/Pake,2022-10-14T09:32:57Z,{'name': 'Rust'},2025-03-14T16:55:34Z
astral-sh/ruff,2022-08-09T17:17:44Z,{'name': 'Rust'},2025-03-14T17:25:23Z
photoprism/photoprism,2018-01-27T12:00:15Z,{'name': 'Go'},2025-03-14T17:13:48Z
GitHubDaily/GitHubDaily,2018-12-30T13:56:58Z,,2025-03-14T17:27:21Z
istio/istio,2016-11-18T23:57:21Z,{'name': 'Go'},2025-03-14T16:43:00Z
SimplifyJobs/Summer2025-Internships,2020-05-23T20:53:18Z,,2025-03-14T17:18:29Z
files-community/Files,2019-01-04T18:19:14Z,{'name': 'C#'},2025-03-14T17:24:06Z
microsoft/AI-For-Beginners,2021-03-03T16:27:36Z,{'name': 'Jupyter Notebook'},2025-03-14T16:48:04Z
trpc/trpc,2020-07-18T01:17:11Z,{'name': 'TypeScript'},2025-03-14T16:39:36Z
TencentARC/GFPGAN,2021-03-19T06:18:20Z,{'name': 'Python'},2025-03-14T14:55:11Z
novuhq/novu,2021-08-26T15:22:44Z,{'name': 'TypeScript'},2025-03-14T14:55:18Z
AobingJava/JavaFamily,2019-11-12T04:26:18Z,,2025-03-14T13:25:50Z
helix-editor/helix,2020-06-01T04:26:56Z,{'name': 'Rust'},2025-03-14T17:09:22Z
jgm/pandoc,2010-03-20T20:34:23Z,{'name': 'Haskell'},2025-03-14T16:53:22Z
appsmithorg/appsmith,2020-06-30T04:07:36Z,{'name': 'TypeScript'},2025-03-14T16:46:46Z
dotnet/aspnetcore,2014-03-11T06:09:42Z,{'name': 'C#'},2025-03-14T17:06:37Z
NervJS/taro,2018-04-08T09:32:26Z,{'name': 'TypeScript'},2025-03-14T17:20:40Z
FlowiseAI/Flowise,2023-03-31T12:23:09Z,{'name': 'TypeScript'},2025-03-14T17:09:19Z
exacity/deeplearningbook-chinese,2016-12-07T11:46:51Z,{'name': 'TeX'},2025-03-14T11:30:10Z
naptha/tesseract.js,2015-06-24T02:49:52Z,{'name': 'JavaScript'},2025-03-14T15:07:17Z
vlang/v,2019-02-08T02:57:06Z,{'name': 'V'},2025-03-14T17:11:13Z
opentofu/manifesto,2023-08-13T16:17:24Z,{'name': 'HTML'},2025-03-14T16:25:42Z
satwikkansal/wtfpython,2017-08-28T20:22:19Z,{'name': 'Python'},2025-03-14T14:55:30Z
colinhacks/zod,2020-03-07T20:59:08Z,{'name': 'TypeScript'},2025-03-14T17:33:52Z
alibaba/arthas,2018-08-29T17:15:57Z,{'name': 'Java'},2025-03-14T14:49:40Z
denysdovhan/wtfjs,2017-07-14T15:42:12Z,{'name': 'JavaScript'},2025-03-14T16:59:21Z
ray-project/ray,2016-10-25T19:38:30Z,{'name': 'Python'},2025-03-14T17:21:00Z
babysor/MockingBird,2021-08-07T03:53:39Z,{'name': 'Python'},2025-03-14T17:04:56Z
sharkdp/fd,2017-05-09T21:27:10Z,{'name': 'Rust'},2025-03-14T15:53:06Z
saadeghi/daisyui,2020-11-28T22:57:27Z,{'name': 'Svelte'},2025-03-14T16:30:37Z
open-guides/og-aws,2016-07-13T17:30:16Z,{'name': 'Shell'},2025-03-14T17:03:53Z
XingangPan/DragGAN,2023-05-18T10:08:02Z,{'name': 'Python'},2025-03-14T15:44:48Z
freeCodeCamp/devdocs,2013-10-24T18:16:07Z,{'name': 'Ruby'},2025-03-14T16:17:50Z
lerna/lerna,2015-12-04T09:36:55Z,{'name': 'TypeScript'},2025-03-14T17:18:56Z
Kong/insomnia,2016-04-23T03:54:26Z,{'name': 'JavaScript'},2025-03-14T13:49:05Z
upscayl/upscayl,2022-07-30T17:19:20Z,{'name': 'TypeScript'},2025-03-14T16:48:51Z
zhayujie/chatgpt-on-wechat,2022-08-07T08:33:41Z,{'name': 'Python'},2025-03-14T16:52:05Z
LadybirdBrowser/ladybird,2024-05-30T09:18:10Z,{'name': 'C++'},2025-03-14T17:31:59Z
huihut/interview,2018-02-09T09:49:48Z,{'name': 'C++'},2025-03-14T17:30:43Z
DIYgod/RSSHub,2018-04-02T14:43:21Z,{'name': 'TypeScript'},2025-03-14T16:51:04Z
google/googletest,2015-07-28T15:07:53Z,{'name': 'C++'},2025-03-14T16:59:04Z
openai/gym,2016-04-27T14:59:16Z,{'name': 'Python'},2025-03-14T16:59:24Z
shadowsocks/shadowsocks-android,2012-12-16T13:40:29Z,{'name': 'Kotlin'},2025-03-14T14:06:05Z
date-fns/date-fns,2014-10-06T10:24:22Z,{'name': 'TypeScript'},2025-03-14T14:14:23Z
geekxh/hello-algorithm,2020-05-29T05:47:09Z,{'name': 'Java'},2025-03-14T14:58:29Z
slidevjs/slidev,2021-04-24T01:25:23Z,{'name': 'TypeScript'},2025-03-14T17:17:11Z
SheetJS/sheetjs,2012-12-03T19:25:52Z,,2025-03-14T05:18:25Z
logseq/logseq,2020-05-23T00:06:06Z,{'name': 'Clojure'},2025-03-14T17:09:39Z
alvarotrigo/fullPage.js,2013-09-20T11:58:29Z,{'name': 'JavaScript'},2025-03-14T08:04:18Z
koajs/koa,2013-07-20T18:53:45Z,{'name': 'JavaScript'},2025-03-14T10:38:58Z
gofiber/fiber,2020-01-16T03:59:20Z,{'name': 'Go'},2025-03-14T14:39:57Z
airbnb/lottie-android,2016-10-06T22:42:42Z,{'name': 'Java'},2025-03-14T17:05:39Z
goabstract/Awesome-Design-Tools,2019-02-12T13:55:30Z,{'name': 'JavaScript'},2025-03-14T16:15:55Z
google-research/google-research,2018-10-04T18:42:48Z,{'name': 'Jupyter Notebook'},2025-03-14T17:18:26Z
nativefier/nativefier,2015-07-05T05:56:42Z,{'name': 'TypeScript'},2025-03-14T13:34:35Z
2noise/ChatTTS,2024-05-27T18:26:49Z,{'name': 'Python'},2025-03-14T17:12:19Z
ccxt/ccxt,2017-05-14T15:41:56Z,{'name': 'Python'},2025-03-14T17:31:21Z
typeorm/typeorm,2016-02-29T07:41:14Z,{'name': 'TypeScript'},2025-03-14T17:34:48Z
formulahendry/955.WLB,2019-03-27T23:53:37Z,,2025-03-14T11:34:47Z
lapce/lapce,2018-02-06T08:41:06Z,{'name': 'Rust'},2025-03-14T14:57:10Z
rapid7/metasploit-framework,2011-08-30T06:13:20Z,{'name': 'Ruby'},2025-03-14T17:03:46Z
httpie/cli,2012-02-25T12:39:13Z,{'name': 'Python'},2025-03-14T17:32:21Z
ToolJet/ToolJet,2021-03-30T08:51:34Z,{'name': 'JavaScript'},2025-03-14T17:25:01Z
jondot/awesome-react-native,2015-03-26T19:58:06Z,{'name': 'JavaScript'},2025-03-14T17:30:05Z
sahat/hackathon-starter,2013-11-13T17:24:12Z,{'name': 'JavaScript'},2025-03-14T06:27:03Z
halo-dev/halo,2018-03-21T12:56:52Z,{'name': 'Java'},2025-03-14T13:45:50Z
carbon-app/carbon,2017-06-16T02:50:28Z,{'name': 'JavaScript'},2025-03-14T15:09:02Z
docker/compose,2013-12-09T11:40:58Z,{'name': 'Go'},2025-03-14T15:21:51Z
karanpratapsingh/system-design,2022-08-15T18:59:54Z,,2025-03-14T17:21:41Z
bumptech/glide,2013-07-08T22:52:33Z,{'name': 'Java'},2025-03-14T16:28:16Z
unknwon/the-way-to-go_ZH_CN,2013-03-24T17:18:38Z,{'name': 'Go'},2025-03-14T12:28:32Z
unslothai/unsloth,2023-11-29T16:50:09Z,{'name': 'Python'},2025-03-14T17:04:16Z
inkonchain/node,2024-05-13T23:20:40Z,{'name': 'Shell'},2025-03-14T17:35:39Z
junegunn/vim-plug,2013-09-10T14:58:51Z,{'name': 'Vim Script'},2025-03-14T17:35:58Z
cline/cline,2024-07-06T07:28:10Z,{'name': 'TypeScript'},2025-03-14T17:34:39Z
inkonchain/docs,2024-05-07T16:49:36Z,{'name': 'MDX'},2025-03-14T17:35:42Z
hankcs/HanLP,2014-10-09T06:36:16Z,{'name': 'Python'},2025-03-14T16:00:03Z
chenfei-wu/TaskMatrix,2023-03-02T09:04:28Z,{'name': 'Python'},2025-03-14T14:55:43Z
calcom/cal.com,2021-03-22T13:47:42Z,{'name': 'TypeScript'},2025-03-14T16:27:10Z
inkonchain/ink-kit,2024-11-04T16:32:17Z,{'name': 'TypeScript'},2025-03-14T17:35:41Z
nodejs/node-v0.x-archive,2009-05-27T16:29:46Z,,2025-03-14T17:33:30Z
nushell/nushell,2019-05-10T16:59:42Z,{'name': 'Rust'},2025-03-14T16:59:53Z
BVLC/caffe,2013-09-12T18:39:48Z,{'name': 'C++'},2025-03-14T14:55:09Z
jaredpalmer/formik,2017-06-14T19:50:59Z,{'name': 'TypeScript'},2025-03-14T13:56:35Z
chatchat-space/Langchain-Chatchat,2023-03-31T12:12:45Z,{'name': 'TypeScript'},2025-03-14T16:12:02Z
markedjs/marked,2011-07-24T13:15:51Z,{'name': 'TypeScript'},2025-03-14T17:16:17Z
spacedriveapp/spacedrive,2021-09-27T05:09:04Z,{'name': 'TypeScript'},2025-03-14T16:38:25Z
zenorocha/clipboard.js,2015-09-18T23:04:55Z,{'name': 'JavaScript'},2025-03-13T18:36:52Z
sorrycc/awesome-javascript,2014-07-01T15:59:02Z,,2025-03-14T15:47:45Z
PKUanonym/REKCARC-TSC-UHT,2019-04-05T03:31:23Z,{'name': 'HTML'},2025-03-14T15:24:31Z
testerSunshine/12306,2017-05-17T12:23:40Z,{'name': 'Python'},2025-03-14T06:36:43Z
xitu/gold-miner,2015-11-04T03:29:13Z,,2025-03-14T11:53:53Z
mannaandpoem/OpenManus,2025-03-06T14:08:14Z,{'name': 'Python'},2025-03-14T17:35:22Z
alebcay/awesome-shell,2014-07-07T01:57:42Z,,2025-03-14T11:45:31Z
netty/netty,2010-11-09T09:22:21Z,{'name': 'Java'},2025-03-14T15:38:16Z
fxsjy/jieba,2012-09-29T07:52:01Z,{'name': 'Python'},2025-03-14T11:35:15Z
atlassian/react-beautiful-dnd,2017-08-09T03:37:15Z,{'name': 'JavaScript'},2025-03-14T15:06:53Z
facebookresearch/faiss,2017-02-07T16:07:05Z,{'name': 'C++'},2025-03-14T17:16:27Z
shadowsocks/shadowsocks,2012-04-20T13:10:49Z,{'name': 'Python'},2025-03-14T10:47:40Z
dockur/windows,2024-01-14T13:09:40Z,{'name': 'Shell'},2025-03-14T17:16:51Z
sqlmapproject/sqlmap,2012-06-26T09:52:15Z,{'name': 'Python'},2025-03-14T14:12:53Z
Blankj/AndroidUtilCode,2016-07-30T18:18:32Z,{'name': 'Java'},2025-03-14T14:18:45Z
huggingface/pytorch-image-models,2019-02-02T05:51:12Z,{'name': 'Python'},2025-03-14T14:55:42Z
xkcoding/spring-boot-demo,2017-11-10T06:27:29Z,{'name': 'Java'},2025-03-14T09:42:08Z
makeplane/plane,2022-11-19T12:55:01Z,{'name': 'TypeScript'},2025-03-14T17:11:59Z
halfrost/LeetCode-Go,2017-07-18T00:06:14Z,{'name': 'Go'},2025-03-14T11:13:19Z
AFNetworking/AFNetworking,2011-05-31T21:28:44Z,{'name': 'Objective-C'},2025-03-14T12:34:14Z
reworkd/AgentGPT,2023-04-07T02:29:19Z,{'name': 'TypeScript'},2025-03-14T16:09:17Z
unclecode/crawl4ai,2024-05-09T09:48:50Z,{'name': 'Python'},2025-03-14T17:30:51Z
laravel/framework,2013-01-10T21:27:28Z,{'name': 'PHP'},2025-03-14T17:26:01Z
doocs/leetcode,2018-09-16T14:03:03Z,{'name': 'Java'},2025-03-14T16:53:41Z
Bin-Huang/chatbox,2023-03-06T12:22:15Z,{'name': 'TypeScript'},2025-03-14T17:06:40Z
fengdu78/Coursera-ML-AndrewNg-Notes,2017-11-04T10:04:08Z,{'name': 'HTML'},2025-03-14T14:46:50Z
fastify/fastify,2016-09-28T19:10:14Z,{'name': 'JavaScript'},2025-03-14T17:21:57Z
typicode/husky,2014-06-23T12:14:21Z,{'name': 'JavaScript'},2025-03-14T11:47:14Z
adobe/brackets,2011-12-07T21:14:40Z,{'name': 'JavaScript'},2025-03-14T08:32:32Z
milvus-io/milvus,2019-09-16T06:43:43Z,{'name': 'Go'},2025-03-14T17:05:33Z
TeamNewPipe/NewPipe,2015-09-03T23:39:26Z,{'name': 'Java'},2025-03-14T13:33:08Z
alibaba/easyexcel,2018-02-06T03:14:08Z,{'name': 'Java'},2025-03-14T10:17:42Z
payloadcms/payload,2021-01-05T18:49:45Z,{'name': 'TypeScript'},2025-03-14T17:13:13Z
XX-net/XX-Net,2015-01-15T09:35:51Z,{'name': 'Python'},2025-03-14T12:24:00Z
solidjs/solid,2018-04-24T16:36:27Z,{'name': 'TypeScript'},2025-03-14T11:38:46Z
siyuan-note/siyuan,2020-08-30T09:21:35Z,{'name': 'TypeScript'},2025-03-14T17:10:36Z
zxing/zxing,2011-10-12T14:07:27Z,{'name': 'Java'},2025-03-14T09:05:48Z
gulpjs/gulp,2013-07-04T05:26:06Z,{'name': 'JavaScript'},2025-03-14T15:54:10Z
immutable-js/immutable-js,2014-07-02T06:02:29Z,{'name': 'TypeScript'},2025-03-14T15:48:31Z
gedoor/legado,2019-05-22T04:18:58Z,{'name': 'Kotlin'},2025-03-14T15:57:22Z
TheAlgorithms/JavaScript,2017-07-13T06:12:33Z,{'name': 'JavaScript'},2025-03-14T14:55:29Z
jaywcjlove/linux-command,2016-11-12T15:44:26Z,{'name': 'Markdown'},2025-03-14T16:27:53Z
python-poetry/poetry,2018-02-28T15:23:47Z,{'name': 'Python'},2025-03-14T17:20:21Z
bilibili/ijkplayer,2013-06-03T04:12:04Z,{'name': 'C'},2025-03-14T11:21:48Z
carbon-language/carbon-lang,2020-04-27T21:45:16Z,{'name': 'C++'},2025-03-14T16:48:46Z
geekcomputers/Python,2011-11-30T09:04:08Z,{'name': 'Python'},2025-03-14T15:55:31Z
kilimchoi/engineering-blogs,2015-06-13T18:25:17Z,{'name': 'Ruby'},2025-03-14T11:57:23Z
shadowsocks/ShadowsocksX-NG,2016-06-10T11:49:00Z,{'name': 'Swift'},2025-03-14T16:35:45Z
harness/harness,2014-02-07T07:54:44Z,{'name': 'Go'},2025-03-14T17:03:48Z
Pythagora-io/gpt-pilot,2023-08-16T11:56:07Z,{'name': 'Python'},2025-03-14T14:57:19Z
zbezj/HEU_KMS_Activator,2019-06-23T00:49:35Z,,2025-03-14T17:01:32Z
zsh-users/zsh-autosuggestions,2013-10-26T16:09:37Z,{'name': 'Shell'},2025-03-14T17:36:30Z
bayandin/awesome-awesomeness,2014-07-08T05:44:19Z,{'name': 'Ruby'},2025-03-14T06:18:32Z
karpathy/LLM101n,2024-05-27T00:23:38Z,,2025-03-14T16:56:42Z
pola-rs/polars,2020-05-13T19:45:33Z,{'name': 'Rust'},2025-03-14T17:30:53Z
portainer/portainer,2016-05-19T20:15:28Z,{'name': 'TypeScript'},2025-03-14T14:20:51Z
google/material-design-lite,2015-01-14T22:01:33Z,{'name': 'HTML'},2025-03-14T08:55:34Z
ryanhanwu/How-To-Ask-Questions-The-Smart-Way,2015-03-28T16:52:40Z,{'name': 'JavaScript'},2025-03-14T13:28:35Z
CMU-Perceptual-Computing-Lab/openpose,2017-04-24T14:06:31Z,{'name': 'C++'},2025-03-14T15:21:07Z
certbot/certbot,2014-11-12T02:52:20Z,{'name': 'Python'},2025-03-14T10:54:33Z
shardeum/shardeum,2024-04-16T22:37:25Z,{'name': 'TypeScript'},2025-03-14T15:30:35Z
hashicorp/vault,2015-02-25T00:15:59Z,{'name': 'Go'},2025-03-14T16:40:42Z
The-Run-Philosophy-Organization/run,2022-04-10T05:42:40Z,,2025-03-14T13:19:46Z
beego/beego,2012-02-29T02:32:08Z,{'name': 'Go'},2025-03-13T22:53:51Z
Chanzhaoyu/chatgpt-web,2023-02-09T03:21:37Z,{'name': 'Vue'},2025-03-14T15:00:10Z
mattermost/mattermost,2015-06-15T06:50:02Z,{'name': 'TypeScript'},2025-03-14T16:37:59Z
swc-project/swc,2017-12-22T11:40:14Z,{'name': 'Rust'},2025-03-14T17:11:22Z
lizongying/my-tv,2023-12-04T12:18:39Z,{'name': 'C'},2025-03-14T16:48:30Z
huiyadanli/RevokeMsgPatcher,2019-07-21T15:12:52Z,{'name': 'C#'},2025-03-14T17:16:02Z
SeleniumHQ/selenium,2013-01-14T21:40:56Z,{'name': 'Java'},2025-03-14T16:25:17Z
usebruno/bruno,2022-09-27T20:51:45Z,{'name': 'JavaScript'},2025-03-14T17:24:56Z
qishibo/AnotherRedisDesktopManager,2019-01-08T06:01:56Z,{'name': 'JavaScript'},2025-03-14T16:54:26Z
ibraheemdev/modern-unix,2021-01-12T00:50:14Z,,2025-03-14T09:21:57Z
lllyasviel/ControlNet,2023-02-01T02:43:30Z,{'name': 'Python'},2025-03-14T14:55:42Z
Trinea/android-open-project,2014-01-05T15:20:15Z,,2025-03-14T06:15:58Z
jax-ml/jax,2018-10-25T21:25:02Z,{'name': 'Python'},2025-03-14T16:11:51Z
veggiemonk/awesome-docker,2014-09-21T17:01:48Z,,2025-03-14T16:26:39Z
facebookresearch/detectron2,2019-09-05T21:30:20Z,{'name': 'Python'},2025-03-14T16:55:03Z
TheAlgorithms/C-Plus-Plus,2016-07-16T10:19:45Z,{'name': 'C++'},2025-03-14T11:29:28Z
ehang-io/nps,2018-11-04T13:22:51Z,{'name': 'Go'},2025-03-14T16:00:35Z
llvm/llvm-project,2016-12-07T09:39:33Z,{'name': 'LLVM'},2025-03-14T17:37:07Z
hasura/graphql-engine,2018-06-18T07:57:36Z,{'name': 'TypeScript'},2025-03-14T10:23:59Z
jqlang/jq,2012-07-18T19:57:25Z,{'name': 'C'},2025-03-14T17:22:12Z
ziadoz/awesome-php,2013-11-26T03:14:19Z,,2025-03-14T15:58:14Z
SerenityOS/serenity,2018-12-02T19:28:41Z,{'name': 'C++'},2025-03-14T17:32:29Z
myshell-ai/OpenVoice,2023-11-29T12:17:01Z,{'name': 'Python'},2025-03-14T16:21:38Z
yewstack/yew,2017-12-16T14:19:02Z,{'name': 'Rust'},2025-03-14T16:41:06Z
ChrisTitusTech/winutil,2022-04-28T02:25:19Z,{'name': 'PowerShell'},2025-03-14T16:43:35Z
ShareX/ShareX,2013-10-08T23:32:10Z,{'name': 'C#'},2025-03-14T16:28:35Z
pcottle/learnGitBranching,2012-08-13T22:36:09Z,{'name': 'JavaScript'},2025-03-14T16:54:40Z
vercel/swr,2019-10-28T18:16:01Z,{'name': 'TypeScript'},2025-03-14T17:16:36Z
facebookresearch/fairseq,2017-08-29T16:26:12Z,{'name': 'Python'},2025-03-14T16:15:17Z
aseprite/aseprite,2014-08-19T23:44:50Z,{'name': 'C++'},2025-03-14T17:33:10Z
explosion/spaCy,2014-07-03T15:15:40Z,{'name': 'Python'},2025-03-14T16:35:15Z
remoteintech/remote-jobs,2015-10-13T03:49:25Z,{'name': 'JavaScript'},2025-03-14T17:15:21Z
fastapi/full-stack-fastapi-template,2019-02-23T15:08:34Z,{'name': 'TypeScript'},2025-03-14T16:49:22Z
ReactiveX/rxjs,2015-03-15T06:17:10Z,{'name': 'TypeScript'},2025-03-14T11:48:42Z
amix/vimrc,2012-05-29T16:19:29Z,{'name': 'Vim Script'},2025-03-14T13:43:57Z
geekan/HowToLiveLonger,2022-04-16T04:15:18Z,,2025-03-14T14:55:25Z
niklasvh/html2canvas,2011-07-16T01:05:58Z,{'name': 'TypeScript'},2025-03-14T09:45:54Z
mendableai/firecrawl,2024-04-15T21:02:29Z,{'name': 'TypeScript'},2025-03-14T17:31:54Z
microsoft/MS-DOS,2018-06-25T18:26:02Z,{'name': 'Assembly'},2025-03-14T13:29:45Z
mudler/LocalAI,2023-03-18T22:58:02Z,{'name': 'Go'},2025-03-14T17:11:35Z
pnpm/pnpm,2016-01-28T07:40:43Z,{'name': 'TypeScript'},2025-03-14T17:21:32Z
outline/outline,2016-05-22T21:31:47Z,{'name': 'TypeScript'},2025-03-14T17:06:39Z
alibaba/nacos,2018-06-15T06:49:27Z,{'name': 'Java'},2025-03-14T16:03:25Z
yunjey/pytorch-tutorial,2017-03-10T07:41:47Z,{'name': 'Python'},2025-03-14T15:50:44Z
airbnb/lottie-web,2015-02-20T21:02:59Z,{'name': 'JavaScript'},2025-03-14T02:33:02Z
blueimp/jQuery-File-Upload,2010-12-01T15:35:32Z,{'name': 'PHP'},2025-03-14T05:47:33Z
mqyqingfeng/Blog,2017-03-13T10:04:33Z,,2025-03-14T05:52:38Z
remix-run/remix,2020-10-26T19:57:28Z,{'name': 'TypeScript'},2025-03-14T15:30:03Z
floating-ui/floating-ui,2016-03-29T17:00:47Z,{'name': 'TypeScript'},2025-03-14T16:45:04Z
balena-io/etcher,2015-10-27T16:53:23Z,{'name': 'TypeScript'},2025-03-14T17:04:03Z
hiroi-sora/Umi-OCR,2022-03-28T04:01:46Z,{'name': 'Python'},2025-03-14T16:48:21Z
binarywang/WxJava,2016-01-06T08:24:05Z,{'name': 'Java'},2025-03-14T10:17:51Z
v2fly/v2ray-core,2019-04-15T10:05:54Z,{'name': 'Go'},2025-03-14T16:26:43Z
mathiasbynens/dotfiles,2011-09-05T18:07:54Z,{'name': 'Shell'},2025-03-14T02:45:01Z
labstack/echo,2015-03-01T17:43:01Z,{'name': 'Go'},2025-03-14T15:56:41Z
ManimCommunity/manim,2020-05-19T02:37:13Z,{'name': 'Python'},2025-03-14T17:15:59Z
cockroachdb/cockroach,2014-02-06T00:18:47Z,{'name': 'Go'},2025-03-14T17:16:56Z
alibaba/p3c,2017-06-23T06:15:51Z,{'name': 'Kotlin'},2025-03-14T12:42:10Z
gchq/CyberChef,2016-11-28T10:34:07Z,{'name': 'JavaScript'},2025-03-14T14:49:49Z
lib-pku/libpku,2018-11-22T13:33:06Z,{'name': 'TeX'},2025-03-14T15:25:56Z
pbatard/rufus,2011-11-19T19:12:05Z,{'name': 'C'},2025-03-14T17:06:28Z
open-mmlab/mmdetection,2018-08-22T07:06:06Z,{'name': 'Python'},2025-03-14T09:27:54Z
qier222/YesPlayMusic,2020-10-09T10:04:21Z,{'name': 'Vue'},2025-03-14T16:56:04Z
ianstormtaylor/slate,2016-06-18T01:52:42Z,{'name': 'TypeScript'},2025-03-14T12:56:43Z
zeromicro/go-zero,2020-08-07T15:37:57Z,{'name': 'Go'},2025-03-14T15:44:45Z
mckaywrigley/chatbot-ui,2023-03-11T14:53:14Z,{'name': 'TypeScript'},2025-03-14T17:33:12Z
TabbyML/tabby,2023-03-16T09:18:01Z,{'name': 'Rust'},2025-03-14T17:17:42Z
coolsnowwolf/lede,2017-09-06T07:39:03Z,{'name': 'C'},2025-03-14T16:21:25Z
0xAX/linux-insides,2015-01-03T18:44:57Z,{'name': 'Python'},2025-03-14T09:17:28Z
ityouknow/spring-boot-examples,2016-11-05T05:32:33Z,{'name': 'Java'},2025-03-14T08:36:49Z
Binaryify/NeteaseCloudMusicApi,2016-06-22T11:58:03Z,,2025-03-14T14:54:09Z
qbittorrent/qBittorrent,2012-02-04T09:37:46Z,{'name': 'C++'},2025-03-14T16:34:08Z
kuchin/awesome-cto,2016-12-16T19:22:18Z,,2025-03-14T15:23:03Z
alan2207/bulletproof-react,2021-05-30T14:47:16Z,{'name': 'TypeScript'},2025-03-14T17:25:20Z
refinedev/refine,2021-01-20T12:01:32Z,{'name': 'TypeScript'},2025-03-14T17:23:54Z
SortableJS/Sortable,2013-12-19T10:10:13Z,{'name': 'JavaScript'},2025-03-14T15:24:24Z
microsoft/calculator,2019-01-28T17:55:49Z,{'name': 'C++'},2025-03-14T13:26:24Z
symfony/symfony,2010-01-04T14:21:21Z,{'name': 'PHP'},2025-03-14T09:35:06Z
dokku/dokku,2013-06-08T10:26:57Z,{'name': 'Shell'},2025-03-14T17:03:14Z
mifi/lossless-cut,2016-10-30T10:49:56Z,{'name': 'TypeScript'},2025-03-14T17:31:06Z
charmbracelet/bubbletea,2020-01-10T21:04:03Z,{'name': 'Go'},2025-03-14T16:36:03Z
kubernetes/minikube,2016-04-15T22:38:35Z,{'name': 'Go'},2025-03-14T17:31:06Z
lovell/sharp,2013-08-19T20:24:24Z,{'name': 'JavaScript'},2025-03-14T17:22:08Z
joshbuchea/HEAD,2016-04-20T20:05:37Z,,2025-03-14T15:06:28Z
xinntao/Real-ESRGAN,2021-07-19T03:23:30Z,{'name': 'Python'},2025-03-14T17:06:35Z
donnemartin/interactive-coding-challenges,2015-04-28T21:36:39Z,{'name': 'Python'},2025-03-14T17:20:31Z
layui/layui,2015-09-22T08:12:03Z,{'name': 'JavaScript'},2025-03-14T15:15:23Z
webtorrent/webtorrent,2013-10-15T08:16:40Z,{'name': 'JavaScript'},2025-03-14T16:11:17Z
AmruthPillai/Reactive-Resume,2020-03-25T14:08:22Z,{'name': 'TypeScript'},2025-03-14T16:51:04Z
mpv-player/mpv,2012-10-13T08:08:44Z,{'name': 'C'},2025-03-14T15:56:00Z
danielmiessler/fabric,2024-01-03T23:18:31Z,{'name': 'Go'},2025-03-14T16:27:58Z
parallax/jsPDF,2009-12-06T14:56:32Z,{'name': 'JavaScript'},2025-03-14T14:16:34Z
exelban/stats,2019-05-29T19:24:56Z,{'name': 'Swift'},2025-03-14T17:25:23Z
tatsu-lab/stanford_alpaca,2023-03-10T23:33:09Z,{'name': 'Python'},2025-03-14T17:23:54Z
sequelize/sequelize,2010-07-22T07:11:11Z,{'name': 'TypeScript'},2025-03-14T16:44:48Z
fabricjs/fabric.js,2010-06-09T22:24:38Z,{'name': 'JavaScript'},2025-03-14T16:26:49Z
vuejs/vue-cli,2015-12-26T23:11:20Z,{'name': 'JavaScript'},2025-03-13T09:56:01Z
servo/servo,2012-02-08T19:07:25Z,{'name': 'Rust'},2025-03-14T17:31:26Z
foundation/foundation-sites,2011-10-13T23:05:42Z,{'name': 'HTML'},2025-03-14T16:43:27Z
codex-team/editor.js,2015-11-28T20:56:35Z,{'name': 'TypeScript'},2025-03-14T15:25:01Z
apache/kafka,2011-08-15T18:06:16Z,{'name': 'Java'},2025-03-14T16:11:38Z
AMAI-GmbH/AI-Expert-Roadmap,2020-10-24T21:49:40Z,{'name': 'JavaScript'},2025-03-14T17:26:42Z
influxdata/influxdb,2013-09-26T14:31:10Z,{'name': 'Rust'},2025-03-14T16:32:06Z
lutzroeder/netron,2010-12-26T12:53:43Z,{'name': 'JavaScript'},2025-03-14T14:55:06Z
YunaiV/ruoyi-vue-pro,2021-01-24T03:18:25Z,{'name': 'Java'},2025-03-14T16:53:28Z
chinabugotech/hutool,2014-04-13T07:23:51Z,{'name': 'Java'},2025-03-14T13:09:30Z
transloadit/uppy,2015-11-16T12:32:33Z,{'name': 'TypeScript'},2025-03-14T15:42:02Z
square/leakcanary,2015-04-29T23:54:16Z,{'name': 'Kotlin'},2025-03-14T09:54:17Z
google/comprehensive-rust,2022-12-21T15:17:24Z,{'name': 'Rust'},2025-03-14T11:24:14Z
elsewhencode/project-guidelines,2017-06-30T10:17:55Z,{'name': 'JavaScript'},2025-03-14T11:57:40Z
react-boilerplate/react-boilerplate,2015-02-18T14:36:32Z,{'name': 'JavaScript'},2025-03-14T13:57:25Z
backstage/backstage,2020-01-24T22:39:49Z,{'name': 'TypeScript'},2025-03-14T15:10:06Z
directus/directus,2012-12-12T01:35:36Z,{'name': 'TypeScript'},2025-03-14T16:04:32Z
OAI/OpenAPI-Specification,2014-03-03T16:53:36Z,{'name': 'Markdown'},2025-03-14T17:27:56Z
ariya/phantomjs,2010-12-27T08:18:58Z,{'name': 'C++'},2025-03-14T06:54:32Z
s0md3v/roop,2023-05-28T14:37:54Z,{'name': 'Python'},2025-03-14T14:57:18Z
tqdm/tqdm,2015-06-03T13:13:14Z,{'name': 'Python'},2025-03-14T16:56:52Z
mli/paper-reading,2021-10-22T06:34:51Z,,2025-03-14T13:22:19Z
aosabook/500lines,2013-11-04T02:02:53Z,{'name': 'JavaScript'},2025-03-14T16:19:14Z
HeyPuter/puter,2024-03-03T01:44:32Z,{'name': 'JavaScript'},2025-03-14T17:15:45Z
JushBJJ/Mr.-Ranedeer-AI-Tutor,2023-03-31T12:37:26Z,,2025-03-14T14:54:19Z
linexjlin/GPTs,2023-11-11T03:24:16Z,,2025-03-14T16:24:41Z
DataTalksClub/data-engineering-zoomcamp,2021-10-21T09:32:50Z,{'name': 'Jupyter Notebook'},2025-03-14T16:20:01Z
VincentGarreau/particles.js,2014-09-06T14:29:47Z,{'name': 'JavaScript'},2025-03-14T17:36:42Z
apolloconfig/apollo,2016-03-04T10:24:23Z,{'name': 'Java'},2025-03-14T01:38:09Z
imputnet/cobalt,2022-07-08T18:12:55Z,{'name': 'Svelte'},2025-03-14T17:16:39Z
herrbischoff/awesome-macos-command-line,2015-09-22T19:37:55Z,,2025-03-14T14:01:21Z
IanLunn/Hover,2014-01-02T14:27:35Z,{'name': 'SCSS'},2025-03-14T15:53:56Z
facebook/rocksdb,2012-11-30T06:16:18Z,{'name': 'C++'},2025-03-14T15:14:39Z
standard/standard,2015-01-27T01:23:31Z,{'name': 'JavaScript'},2025-03-13T10:50:02Z
MonitorControl/MonitorControl,2017-09-16T21:13:40Z,{'name': 'Swift'},2025-03-14T15:51:00Z
alpinejs/alpine,2019-11-28T13:51:55Z,{'name': 'HTML'},2025-03-14T14:52:38Z
trailofbits/algo,2016-05-15T03:42:48Z,{'name': 'Jinja'},2025-03-14T14:08:19Z
lukehoban/es6features,2014-03-03T18:29:30Z,,2025-03-14T14:55:41Z
ueberdosis/tiptap,2018-08-20T19:58:58Z,{'name': 'TypeScript'},2025-03-14T16:01:30Z
Aider-AI/aider,2023-05-09T18:57:49Z,{'name': 'Python'},2025-03-14T17:34:47Z
jobbole/awesome-python-cn,2015-11-03T09:50:50Z,{'name': 'Makefile'},2025-03-14T13:49:43Z
cheeriojs/cheerio,2011-10-09T04:23:20Z,{'name': 'TypeScript'},2025-03-14T14:05:13Z
Lightning-AI/pytorch-lightning,2019-03-31T00:45:57Z,{'name': 'Python'},2025-03-14T17:15:17Z
facebook/folly,2012-06-01T20:49:04Z,{'name': 'C++'},2025-03-14T15:15:07Z
fish-shell/fish-shell,2012-05-10T03:00:55Z,{'name': 'Rust'},2025-03-14T16:05:15Z
CSSEGISandData/COVID-19,2020-02-04T22:03:53Z,,2025-03-14T07:08:57Z
OWASP/CheatSheetSeries,2018-12-21T14:26:43Z,{'name': 'Python'},2025-03-14T10:39:00Z
k3s-io/k3s,2018-05-31T01:37:46Z,{'name': 'Go'},2025-03-14T14:19:25Z
microsoft/Data-Science-For-Beginners,2021-03-03T16:30:15Z,{'name': 'Jupyter Notebook'},2025-03-14T16:13:17Z
numpy/numpy,2010-09-13T23:02:39Z,{'name': 'Python'},2025-03-14T17:12:02Z
ascoders/weekly,2017-03-20T06:10:04Z,{'name': 'JavaScript'},2025-03-14T08:47:02Z
kodecocodes/swift-algorithm-club,2016-01-26T17:56:12Z,{'name': 'Swift'},2025-03-14T13:54:05Z
docsifyjs/docsify,2016-11-20T07:55:43Z,{'name': 'JavaScript'},2025-03-14T16:22:51Z
google-ai-edge/mediapipe,2019-06-13T19:16:41Z,{'name': 'C++'},2025-03-14T16:46:41Z
mouredev/Hello-Python,2022-08-03T17:14:53Z,{'name': 'Python'},2025-03-14T16:15:41Z
derailed/k9s,2019-01-25T18:46:02Z,{'name': 'Go'},2025-03-14T17:04:02Z
schollz/croc,2017-10-17T15:20:18Z,{'name': 'Go'},2025-03-14T16:08:07Z
IceWhaleTech/CasaOS,2021-09-26T02:33:09Z,{'name': 'Go'},2025-03-14T17:11:07Z
encode/django-rest-framework,2011-03-02T17:13:56Z,{'name': 'Python'},2025-03-14T14:44:54Z
surrealdb/surrealdb,2021-12-09T15:03:29Z,{'name': 'Rust'},2025-03-14T17:22:44Z
nextcloud/server,2016-06-02T07:44:14Z,{'name': 'PHP'},2025-03-14T16:49:32Z
alibaba/canal,2013-01-13T10:59:52Z,{'name': 'Java'},2025-03-14T09:49:49Z
composer/composer,2011-06-08T08:53:00Z,{'name': 'PHP'},2025-03-14T17:17:19Z
AllThingsSmitty/css-protips,2015-08-29T12:29:03Z,,2025-03-14T13:48:29Z
iawia002/lux,2018-02-24T11:29:03Z,{'name': 'Go'},2025-03-14T16:16:37Z
hashicorp/consul,2013-11-04T22:15:27Z,{'name': 'Go'},2025-03-14T12:06:51Z
GoogleChrome/lighthouse,2016-03-08T01:03:11Z,{'name': 'JavaScript'},2025-03-14T05:55:28Z
realpython/python-guide,2011-03-15T03:24:20Z,{'name': 'Batchfile'},2025-03-14T15:16:18Z
tastejs/todomvc,2011-06-03T19:56:33Z,{'name': 'JavaScript'},2025-03-14T07:16:05Z
postcss/postcss,2013-09-24T23:06:48Z,{'name': 'TypeScript'},2025-03-14T11:19:36Z
wuyouzhuguli/SpringAll,2018-05-02T02:48:44Z,{'name': 'Java'},2025-03-14T15:36:39Z
kenwheeler/slick,2014-03-24T02:10:05Z,{'name': 'JavaScript'},2025-03-14T11:37:26Z
Ebazhanov/linkedin-skill-assessments-quizzes,2019-07-13T19:52:56Z,,2025-03-14T17:20:07Z
cloudcommunity/Free-Certifications,2020-07-31T10:26:19Z,,2025-03-14T16:33:21Z
pmndrs/react-spring,2018-03-07T15:39:32Z,{'name': 'TypeScript'},2025-03-14T09:20:01Z
getcursor/cursor,2023-03-12T00:19:42Z,,2025-03-14T16:10:04Z
ageron/handson-ml2,2019-01-08T03:49:07Z,{'name': 'Jupyter Notebook'},2025-03-14T15:50:07Z
meta-llama/llama3,2024-03-15T17:57:00Z,{'name': 'Python'},2025-03-14T17:29:58Z
utmapp/UTM,2019-04-12T16:09:24Z,{'name': 'Swift'},2025-03-14T14:01:31Z
deepseek-ai/awesome-deepseek-integration,2024-01-11T02:43:17Z,,2025-03-14T17:35:37Z
vuejs/vuex,2015-07-16T04:21:26Z,{'name': 'JavaScript'},2025-03-14T16:38:58Z
xuxueli/xxl-job,2015-11-28T12:59:34Z,{'name': 'Java'},2025-03-14T10:20:18Z
sampotts/plyr,2015-02-14T11:33:07Z,{'name': 'JavaScript'},2025-03-14T12:48:20Z
crewAIInc/crewAI,2023-10-27T03:26:59Z,{'name': 'Python'},2025-03-14T17:30:08Z
ZuzooVn/machine-learning-for-software-engineers,2016-10-09T21:20:25Z,,2025-03-14T15:51:42Z
GorvGoyl/Clone-Wars,2020-12-02T11:10:16Z,,2025-03-14T15:49:36Z
pmndrs/react-three-fiber,2019-02-25T14:31:51Z,{'name': 'TypeScript'},2025-03-14T15:32:18Z
tinygrad/tinygrad,2020-10-18T16:23:12Z,{'name': 'Python'},2025-03-14T13:28:21Z
codepath/android_guides,2013-06-19T10:24:45Z,,2025-03-13T10:14:08Z
alibaba/spring-cloud-alibaba,2017-12-01T20:49:15Z,{'name': 'Java'},2025-03-14T14:09:32Z
zadam/trilium,2017-05-23T00:30:20Z,{'name': 'JavaScript'},2025-03-14T16:21:25Z
DevToys-app/DevToys,2021-09-29T01:40:41Z,{'name': 'C#'},2025-03-14T17:04:01Z
xyflow/xyflow,2019-07-15T14:47:30Z,{'name': 'TypeScript'},2025-03-14T16:50:58Z
caolan/async,2010-06-01T21:01:30Z,{'name': 'JavaScript'},2025-03-14T12:13:31Z
chatanywhere/GPT_API_free,2023-04-23T12:42:08Z,{'name': 'Python'},2025-03-14T16:21:35Z
wesbos/JavaScript30,2016-12-07T19:15:31Z,{'name': 'HTML'},2025-03-14T17:28:27Z
ghostty-org/ghostty,2022-03-29T17:38:26Z,{'name': 'Zig'},2025-03-14T17:31:37Z
filebrowser/filebrowser,2015-09-11T21:21:58Z,{'name': 'Go'},2025-03-14T17:31:47Z
opendatalab/MinerU,2024-02-29T08:52:34Z,{'name': 'Python'},2025-03-14T17:35:25Z
jamiebuilds/the-super-tiny-compiler,2016-03-11T04:19:18Z,{'name': 'JavaScript'},2025-03-14T16:37:10Z
nothings/stb,2014-05-25T16:51:23Z,{'name': 'C'},2025-03-14T17:15:20Z
immerjs/immer,2017-12-29T12:25:47Z,{'name': 'JavaScript'},2025-03-14T07:08:46Z
tokio-rs/tokio,2016-09-09T22:31:36Z,{'name': 'Rust'},2025-03-14T16:56:31Z
google-research/tuning_playbook,2023-01-18T23:32:32Z,,2025-03-14T16:48:40Z
Pierian-Data/Complete-Python-3-Bootcamp,2018-02-12T19:30:10Z,{'name': 'Jupyter Notebook'},2025-03-14T17:25:10Z
vnpy/vnpy,2015-03-02T03:36:58Z,{'name': 'Python'},2025-03-14T16:56:03Z
jashkenas/backbone,2010-09-30T19:41:28Z,{'name': 'JavaScript'},2025-03-14T15:05:19Z
alibaba/druid,2011-11-03T05:12:51Z,{'name': 'Java'},2025-03-14T08:55:58Z
medusajs/medusa,2020-01-18T13:39:04Z,{'name': 'TypeScript'},2025-03-14T17:35:37Z
acheong08/ChatGPT,2022-12-03T14:35:24Z,{'name': 'Python'},2025-03-14T14:55:37Z
mantinedev/mantine,2021-01-07T14:02:19Z,{'name': 'TypeScript'},2025-03-14T15:49:58Z
awesome-foss/awesome-sysadmin,2014-12-23T08:41:22Z,,2025-03-14T17:03:49Z
janhq/jan,2023-08-17T02:17:10Z,{'name': 'TypeScript'},2025-03-14T16:47:34Z
spf13/viper,2014-04-02T14:33:33Z,{'name': 'Go'},2025-03-14T15:55:42Z
huggingface/diffusers,2022-05-30T16:04:02Z,{'name': 'Python'},2025-03-14T16:50:19Z
digitalocean/nginxconfig.io,2018-01-05T14:21:14Z,{'name': 'JavaScript'},2025-03-14T17:03:58Z
donnemartin/data-science-ipython-notebooks,2015-01-23T19:38:29Z,{'name': 'Python'},2025-03-14T17:35:32Z
nicolargo/glances,2011-12-04T08:49:15Z,{'name': 'Python'},2025-03-14T17:03:46Z
cfenollosa/os-tutorial,2014-09-29T08:39:34Z,{'name': 'C'},2025-03-14T17:10:03Z
viraptor/reverse-interview,2019-09-08T13:38:40Z,,2025-03-14T10:16:31Z
statelyai/xstate,2015-09-14T15:04:15Z,{'name': 'TypeScript'},2025-03-14T16:51:33Z
restic/restic,2014-04-27T14:07:58Z,{'name': 'Go'},2025-03-14T17:06:57Z
openai/CLIP,2020-12-16T11:24:42Z,{'name': 'Jupyter Notebook'},2025-03-14T16:32:42Z
JedWatson/react-select,2014-08-26T04:27:45Z,{'name': 'TypeScript'},2025-03-13T19:41:33Z
iperov/DeepFaceLive,2020-12-15T12:19:22Z,{'name': 'Python'},2025-03-14T16:21:29Z
RVC-Project/Retrieval-based-Voice-Conversion-WebUI,2023-03-27T09:59:10Z,{'name': 'Python'},2025-03-14T17:27:06Z
eugeneyan/applied-ml,2020-07-04T18:57:47Z,,2025-03-14T12:59:36Z
vadimdemedes/ink,2017-06-12T06:12:28Z,{'name': 'TypeScript'},2025-03-14T16:35:00Z
nagadomi/waifu2x,2015-05-17T07:29:15Z,{'name': 'Lua'},2025-03-14T14:37:12Z
CorentinTh/it-tools,2020-04-05T11:50:24Z,{'name': 'Vue'},2025-03-14T17:04:59Z
mobxjs/mobx,2015-03-14T14:31:38Z,{'name': 'TypeScript'},2025-03-14T14:32:05Z
ChartsOrg/Charts,2015-03-20T10:49:12Z,{'name': 'Swift'},2025-03-14T09:24:43Z
Textualize/textual,2021-04-08T15:24:47Z,{'name': 'Python'},2025-03-14T17:32:09Z
MichaelCade/90DaysOfDevOps,2021-12-26T13:55:18Z,{'name': 'Shell'},2025-03-14T17:37:15Z
StevenBlack/hosts,2012-04-12T20:22:50Z,{'name': 'Python'},2025-03-14T17:20:15Z
lenve/vhr,2018-01-04T08:57:51Z,{'name': 'Java'},2025-03-14T15:39:30Z
GitbookIO/gitbook,2014-03-31T03:01:56Z,{'name': 'TypeScript'},2025-03-14T17:24:30Z
motiondivision/motion,2018-11-16T09:48:38Z,{'name': 'TypeScript'},2025-03-14T17:36:47Z
XTLS/Xray-core,2020-11-09T11:23:10Z,{'name': 'Go'},2025-03-14T17:21:29Z
feder-cr/Jobs_Applier_AI_Agent_AIHawk,2024-08-04T12:15:06Z,{'name': 'Python'},2025-03-14T16:47:37Z
helm/helm,2015-10-06T01:07:32Z,{'name': 'Go'},2025-03-14T14:44:25Z
duckdb/duckdb,2018-06-26T15:04:45Z,{'name': 'C++'},2025-03-14T16:45:35Z
YMFE/yapi,2016-05-30T09:09:09Z,{'name': 'JavaScript'},2025-03-14T08:43:20Z
geekcompany/ResumeSample,2014-09-08T08:08:13Z,,2025-03-14T15:44:22Z
dragonflydb/dragonfly,2021-12-11T10:00:42Z,{'name': 'C++'},2025-03-14T17:24:59Z
Advanced-Frontend/Daily-Interview-Question,2019-01-19T10:49:00Z,{'name': 'JavaScript'},2025-03-13T22:52:58Z
google/python-fire,2017-02-21T21:35:07Z,{'name': 'Python'},2025-03-14T14:26:51Z
XIU2/TrackersListCollection,2019-10-03T15:55:07Z,,2025-03-14T16:11:39Z
AdguardTeam/AdGuardHome,2016-07-06T10:31:47Z,{'name': 'Go'},2025-03-14T15:44:48Z
zhiwehu/Python-programming-exercises,2012-06-14T07:56:46Z,,2025-03-14T15:01:10Z
jashkenas/underscore,2009-10-25T18:31:06Z,{'name': 'JavaScript'},2025-03-14T16:35:17Z
michalsnik/aos,2015-07-09T17:49:00Z,{'name': 'JavaScript'},2025-03-14T15:56:40Z
mindsdb/mindsdb,2018-08-02T17:56:45Z,{'name': 'Python'},2025-03-14T16:56:40Z
Tencent/weui,2014-12-18T04:09:54Z,{'name': 'HTML'},2025-03-14T01:40:44Z
firecracker-microvm/firecracker,2017-10-19T06:18:47Z,{'name': 'Rust'},2025-03-14T17:03:58Z
wailsapp/wails,2018-12-15T23:14:06Z,{'name': 'Go'},2025-03-14T17:26:32Z
CamDavidsonPilon/Probabilistic-Programming-and-Bayesian-Methods-for-Hackers,2013-01-14T15:46:28Z,{'name': 'Jupyter Notebook'},2025-03-14T13:59:58Z
dnSpy/dnSpy,2015-07-01T16:05:10Z,{'name': 'C#'},2025-03-14T16:40:14Z
anoma/anoma,2021-02-02T10:00:16Z,{'name': 'Elixir'},2025-03-14T17:33:35Z
vercel/turborepo,2021-10-05T17:37:11Z,{'name': 'Rust'},2025-03-14T17:18:18Z
telegramdesktop/tdesktop,2014-05-02T12:36:31Z,{'name': 'C++'},2025-03-14T15:08:55Z
Automattic/mongoose,2010-04-06T21:39:05Z,{'name': 'JavaScript'},2025-03-14T16:34:40Z
vbenjs/vue-vben-admin,2020-07-11T02:29:21Z,{'name': 'Vue'},2025-03-14T17:25:35Z
python-telegram-bot/python-telegram-bot,2015-07-07T15:30:39Z,{'name': 'Python'},2025-03-14T17:07:31Z
qianguyihao/Web,2017-01-03T11:44:33Z,,2025-03-14T13:02:01Z
tj/commander.js,2011-08-14T21:33:58Z,{'name': 'JavaScript'},2025-03-14T14:44:23Z
imDazui/Tvlist-awesome-m3u-m3u8,2017-02-18T03:59:25Z,,2025-03-14T15:05:59Z
crossoverJie/JCSprout,2017-12-17T09:06:50Z,{'name': 'Java'},2025-03-14T06:06:58Z
swagger-api/swagger-ui,2011-07-15T22:56:39Z,{'name': 'JavaScript'},2025-03-14T17:01:36Z
getredash/redash,2013-10-28T13:19:39Z,{'name': 'Python'},2025-03-14T16:43:15Z
twentyhq/twenty,2022-12-01T13:04:40Z,{'name': 'TypeScript'},2025-03-14T17:35:11Z
AvaloniaUI/Avalonia,2013-12-05T20:13:21Z,{'name': 'C#'},2025-03-14T14:05:14Z
DataExpert-io/data-engineer-handbook,2023-11-19T19:47:41Z,{'name': 'Jupyter Notebook'},2025-03-14T13:41:24Z
grafana/k6,2016-03-21T15:30:24Z,{'name': 'Go'},2025-03-14T16:38:25Z
sunface/rust-course,2018-08-07T05:01:21Z,{'name': 'Rust'},2025-03-14T13:58:51Z
codemirror/codemirror5,2011-01-14T13:44:03Z,{'name': 'JavaScript'},2025-03-14T10:42:07Z
tailwindlabs/headlessui,2020-09-16T09:53:09Z,{'name': 'TypeScript'},2025-03-14T14:57:09Z
Homebrew/legacy-homebrew,2009-05-20T19:38:37Z,,2025-03-14T00:41:23Z
zen-browser/desktop,2024-03-28T00:05:55Z,{'name': 'JavaScript'},2025-03-14T17:34:44Z
openssl/openssl,2013-01-15T22:34:48Z,{'name': 'C'},2025-03-14T16:22:17Z
coder2gwy/coder2gwy,2020-12-30T14:40:50Z,,2025-03-14T11:32:30Z
ajaxorg/ace,2010-10-27T10:43:36Z,{'name': 'JavaScript'},2025-03-13T14:55:38Z
mongodb/mongo,2009-01-15T16:15:18Z,{'name': 'C++'},2025-03-14T16:02:03Z
drizzle-team/drizzle-orm,2021-06-24T09:03:05Z,{'name': 'TypeScript'},2025-03-14T15:24:54Z
taichi-dev/taichi,2016-11-24T10:00:05Z,{'name': 'C++'},2025-03-14T14:36:07Z
go-kit/kit,2015-02-03T00:01:19Z,{'name': 'Go'},2025-03-14T16:19:57Z
heyverse/hey,2022-03-19T15:01:46Z,{'name': 'TypeScript'},2025-03-14T17:35:28Z
angular/angular-cli,2015-06-04T19:49:37Z,{'name': 'TypeScript'},2025-03-14T17:18:22Z
rethinkdb/rethinkdb,2012-10-30T05:37:47Z,{'name': 'C++'},2025-03-14T15:43:18Z
fzaninotto/Faker,2011-10-14T22:49:02Z,{'name': 'PHP'},2025-03-14T17:17:23Z
nvie/gitflow,2010-01-20T23:14:12Z,{'name': 'Shell'},2025-03-14T03:31:22Z
fastai/fastai,2017-09-09T17:43:36Z,{'name': 'Jupyter Notebook'},2025-03-14T08:07:31Z
houshanren/hangzhou_house_knowledge,2018-02-24T01:54:18Z,{'name': 'CSS'},2025-03-14T08:55:08Z
svc-develop-team/so-vits-svc,2023-03-10T09:31:09Z,{'name': 'Python'},2025-03-14T14:55:44Z
dmlc/xgboost,2014-02-06T17:28:03Z,{'name': 'C++'},2025-03-14T16:38:27Z
kovidgoyal/kitty,2016-10-16T14:48:28Z,{'name': 'Python'},2025-03-14T16:49:00Z
bvaughn/react-virtualized,2015-11-03T00:48:07Z,{'name': 'JavaScript'},2025-03-14T09:35:50Z
khoj-ai/khoj,2021-08-16T01:48:44Z,{'name': 'Python'},2025-03-14T17:36:02Z
VSCodium/vscodium,2018-08-13T14:26:58Z,{'name': 'Shell'},2025-03-14T16:27:06Z
rxhanson/Rectangle,2019-06-21T21:34:53Z,{'name': 'Swift'},2025-03-13T23:02:17Z
microsoft/cascadia-code,2019-07-10T22:50:20Z,{'name': 'Python'},2025-03-14T17:31:47Z
t3-oss/create-t3-app,2022-05-24T13:31:01Z,{'name': 'TypeScript'},2025-03-14T14:55:27Z
hashicorp/vagrant,2010-01-21T08:34:27Z,{'name': 'Ruby'},2025-03-14T07:48:17Z
exo-explore/exo,2024-06-24T18:36:22Z,{'name': 'Python'},2025-03-14T17:19:27Z
ossrs/srs,2015-04-29T06:59:32Z,{'name': 'C++'},2025-03-14T17:14:35Z
Asabeneh/30-Days-Of-React,2020-09-29T13:38:54Z,{'name': 'JavaScript'},2025-03-14T16:43:31Z
deezer/spleeter,2019-09-26T15:40:46Z,{'name': 'Python'},2025-03-14T09:18:55Z
remy/nodemon,2010-10-03T12:50:52Z,{'name': 'JavaScript'},2025-03-14T06:44:27Z
OpenBMB/ChatDev,2023-08-28T02:18:13Z,{'name': 'Python'},2025-03-14T16:21:37Z
ValdikSS/GoodbyeDPI,2017-05-16T18:48:52Z,{'name': 'C'},2025-03-14T16:27:32Z
ggreer/the_silver_searcher,2011-11-19T19:50:47Z,{'name': 'C'},2025-03-14T16:33:00Z
valinet/ExplorerPatcher,2021-08-09T14:17:24Z,{'name': 'C'},2025-03-14T16:50:21Z
quasarframework/quasar,2015-10-05T15:45:36Z,{'name': 'JavaScript'},2025-03-14T14:52:17Z
facebookresearch/Detectron,2017-10-05T17:32:00Z,{'name': 'Python'},2025-03-14T10:42:08Z
emscripten-core/emscripten,2011-02-12T05:23:30Z,{'name': 'C++'},2025-03-14T17:29:27Z
nginx/nginx,2015-06-23T10:26:27Z,{'name': 'C'},2025-03-14T15:37:46Z
qiurunze123/miaosha,2018-09-14T04:36:24Z,{'name': 'Java'},2025-03-14T08:43:34Z
signalapp/Signal-Android,2011-12-15T20:01:12Z,{'name': 'Kotlin'},2025-03-14T17:26:38Z
rstacruz/nprogress,2013-08-20T13:58:02Z,{'name': 'JavaScript'},2025-03-14T14:20:49Z
nextauthjs/next-auth,2018-01-27T12:28:16Z,{'name': 'TypeScript'},2025-03-14T15:39:01Z
cmderdev/cmder,2013-07-09T07:44:22Z,{'name': 'C++'},2025-03-14T11:30:20Z
jumpserver/jumpserver,2014-07-04T03:54:59Z,{'name': 'Python'},2025-03-14T09:41:18Z
sindresorhus/awesome-electron,2015-04-23T11:48:53Z,,2025-03-14T17:28:13Z
roboflow/supervision,2022-11-28T14:08:44Z,{'name': 'Python'},2025-03-14T16:19:17Z
mem0ai/mem0,2023-06-20T08:58:36Z,{'name': 'Python'},2025-03-14T17:21:58Z
facebookresearch/fastText,2016-07-16T13:38:42Z,{'name': 'HTML'},2025-03-14T05:47:59Z
airbnb/lottie-ios,2016-10-06T22:38:38Z,{'name': 'Swift'},2025-03-14T13:33:03Z
viatsko/awesome-vscode,2016-02-07T23:02:45Z,{'name': 'JavaScript'},2025-03-14T17:33:20Z
pjreddie/darknet,2014-04-11T07:59:16Z,{'name': 'C'},2025-03-14T11:16:28Z
mozilla/DeepSpeech,2016-06-02T15:04:53Z,{'name': 'C++'},2025-03-14T15:23:09Z
1Panel-dev/1Panel,2022-07-19T15:44:52Z,{'name': 'Go'},2025-03-14T16:27:43Z
juanfont/headscale,2020-06-21T09:21:05Z,{'name': 'Go'},2025-03-14T17:20:33Z
karpathy/llm.c,2024-04-08T16:58:11Z,{'name': 'Cuda'},2025-03-14T14:56:04Z
littlecodersh/ItChat,2016-01-19T07:49:48Z,{'name': 'Python'},2025-03-14T13:44:26Z
refined-github/refined-github,2016-02-15T16:45:02Z,{'name': 'TypeScript'},2025-03-14T10:36:17Z
tmrts/go-patterns,2015-12-14T22:05:06Z,{'name': 'Go'},2025-03-14T15:57:34Z
drawdb-io/drawdb,2023-07-16T17:09:20Z,{'name': 'JavaScript'},2025-03-14T16:31:08Z
TanStack/table,2016-10-20T17:25:08Z,{'name': 'TypeScript'},2025-03-14T12:20:44Z
dwmkerr/hacker-laws,2018-01-25T03:46:34Z,{'name': 'HTML'},2025-03-14T17:03:59Z
select2/select2,2012-03-04T18:43:12Z,{'name': 'JavaScript'},2025-03-14T12:52:03Z
iced-rs/iced,2019-07-15T22:34:46Z,{'name': 'Rust'},2025-03-14T16:06:52Z
